#1 [internal] load local bake definitions
#1 reading from stdin 3.46kB done
#1 DONE 0.0s

#2 [location-service internal] load build definition from Dockerfile
#2 transferring dockerfile: 848B 0.0s done
#2 DONE 0.1s

#3 [user-service internal] load build definition from Dockerfile
#3 transferring dockerfile: 3.45kB 0.0s done
#3 DONE 0.1s

#4 [safety-service internal] load build definition from Dockerfile
#4 transferring dockerfile: 887B 0.0s done
#4 DONE 0.1s

#5 [user-service] resolve image config for docker-image://docker.io/docker/dockerfile:1
#5 ...

#6 [auth] library/golang:pull token for registry-1.docker.io
#6 DONE 0.0s

#7 [auth] docker/dockerfile:pull token for registry-1.docker.io
#7 DONE 0.0s

#8 [auth] library/alpine:pull token for registry-1.docker.io
#8 DONE 0.0s

#9 [safety-service internal] load metadata for docker.io/library/alpine:latest
#9 DONE 2.8s

#10 [safety-service internal] load metadata for docker.io/library/golang:1.26-alpine
#10 DONE 3.0s

#5 [booking-service] resolve image config for docker-image://docker.io/docker/dockerfile:1
#5 DONE 3.0s

#11 [safety-service internal] load .dockerignore
#11 transferring context: 274B 0.0s done
#11 DONE 0.0s

#12 [location-service internal] load build context
#12 DONE 0.0s

#13 [safety-service internal] load build context
#13 DONE 0.0s

#14 [admin-service] docker-image://docker.io/docker/dockerfile:1@sha256:2780b5c3bab67f1f76c781860de469442999ed1a0d7992a5efdf2cffc0e3d769
#14 resolve docker.io/docker/dockerfile:1@sha256:2780b5c3bab67f1f76c781860de469442999ed1a0d7992a5efdf2cffc0e3d769 0.1s done
#14 resolve docker.io/docker/dockerfile:1@sha256:2780b5c3bab67f1f76c781860de469442999ed1a0d7992a5efdf2cffc0e3d769 0.1s done
#14 CACHED

#15 [location-service build 1/7] FROM docker.io/library/golang:1.26-alpine@sha256:c2a1f7b2095d046ae14b286b18413a05bb82c9bca9b25fe7ff5efef0f0826166
#15 resolve docker.io/library/golang:1.26-alpine@sha256:c2a1f7b2095d046ae14b286b18413a05bb82c9bca9b25fe7ff5efef0f0826166 0.1s done
#15 DONE 0.1s

#12 [location-service internal] load build context
#12 transferring context: 1.41kB done
#12 DONE 0.1s

#16 [location-service stage-1 1/4] FROM docker.io/library/alpine:latest@sha256:25109184c71bdad752c8312a8623239686a9a2071e8825f20acb8f2198c3f659
#16 resolve docker.io/library/alpine:latest@sha256:25109184c71bdad752c8312a8623239686a9a2071e8825f20acb8f2198c3f659 0.2s done
#16 DONE 0.2s

#17 [location-service build 2/7] WORKDIR /app
#17 CACHED

#18 [location-service build 5/7] RUN go mod download
#18 CACHED

#19 [location-service build 7/7] RUN go build -o location-service main.go
#19 CACHED

#20 [location-service build 6/7] COPY services/location-and-navigation/ .
#20 CACHED

#21 [location-service stage-1 2/4] RUN apk add --no-cache ca-certificates tzdata
#21 CACHED

#22 [location-service build 3/7] COPY services/location-and-navigation/go.mod services/location-and-navigation/go.sum ./services/location-and-navigation/
#22 CACHED

#23 [location-service build 4/7] WORKDIR /app/services/location-and-navigation
#23 CACHED

#24 [location-service stage-1 3/4] WORKDIR /app
#24 CACHED

#25 [location-service stage-1 4/4] COPY --from=build /app/services/location-and-navigation/location-service .
#25 CACHED

#26 [location-service] exporting to image
#26 exporting layers done
#26 exporting manifest sha256:5197b8a6b91189c9d277f33c577d8cd5f5cecf3b6e6136beb0a254591086f3e8
#26 exporting manifest sha256:5197b8a6b91189c9d277f33c577d8cd5f5cecf3b6e6136beb0a254591086f3e8 0.0s done
#26 exporting config sha256:8a2694c953c54bd1ee198ff39ce8bf76701ac8b7cdd05d1f428c4adf3f7b0737 done
#26 exporting attestation manifest sha256:78c88174fac49a4f7bf63f5c933de94c9e32851766ef0967a66741413d98a278 0.1s done
#26 exporting manifest list sha256:32497888e4fdffa7aa377f5f2f5cd3bfdb11590fd27594c27a9da13295f7a032
#26 exporting manifest list sha256:32497888e4fdffa7aa377f5f2f5cd3bfdb11590fd27594c27a9da13295f7a032 0.1s done
#26 naming to docker.io/library/storks-location-service:latest 0.0s done
#26 unpacking to docker.io/library/storks-location-service:latest 0.0s done
#26 DONE 0.4s

#13 [safety-service internal] load build context
#13 transferring context: 3.76kB 0.7s done
#13 DONE 0.7s

#17 [safety-service build 2/7] WORKDIR /app
#17 CACHED

#27 [safety-service build 4/7] WORKDIR /app/services/safety-and-verification
#27 CACHED

#28 [safety-service build 5/7] RUN go mod download
#28 CACHED

#29 [safety-service build 6/7] COPY services/safety-and-verification/ .
#29 CACHED

#30 [safety-service build 7/7] RUN go build -o safety-service ./cmd/safety-and-verification
#30 CACHED

#24 [safety-service stage-1 3/4] WORKDIR /app
#24 CACHED

#31 [safety-service build 3/7] COPY services/safety-and-verification/go.mod services/safety-and-verification/go.sum ./services/safety-and-verification/
#31 CACHED

#21 [safety-service stage-1 2/4] RUN apk add --no-cache ca-certificates tzdata
#21 CACHED

#32 [safety-service stage-1 4/4] COPY --from=build /app/services/safety-and-verification/safety-service .
#32 CACHED

#33 [safety-service] exporting to image
#33 exporting layers done
#33 exporting manifest sha256:36bd260c67b46d307c9b316e839795242a6462c73af87a67c00597b17ab4ff5a done
#33 exporting config sha256:4a0764bbc40a8b10fcb6e3b1b711258cd94314ed293885df8caca1113ccb3998 0.0s done
#33 exporting attestation manifest sha256:3e0bfe793373ba537709a44f02114a8125915731deaa90967875ece783053edc
#33 exporting attestation manifest sha256:3e0bfe793373ba537709a44f02114a8125915731deaa90967875ece783053edc 0.1s done
#33 exporting manifest list sha256:0bdf840016767f1519a23c3b1046f0d6a516e7fa7243987c9a82fbc74a070c25
#33 exporting manifest list sha256:0bdf840016767f1519a23c3b1046f0d6a516e7fa7243987c9a82fbc74a070c25 0.1s done
#33 naming to docker.io/library/storks-safety-service:latest 0.0s done
#33 unpacking to docker.io/library/storks-safety-service:latest 0.0s done
#33 DONE 0.3s

#34 [location-service] resolving provenance for metadata file
#34 DONE 0.0s

#35 [matching-intelligence internal] load metadata for docker.io/library/eclipse-temurin:21-jre-alpine
#35 ...

#36 [safety-service] resolving provenance for metadata file
#36 DONE 0.0s

#37 [matching-intelligence internal] load metadata for docker.io/library/gradle:8-jdk21-alpine
#37 ...

#38 [auth] library/eclipse-temurin:pull token for registry-1.docker.io
#38 DONE 0.0s

#39 [auth] library/gradle:pull token for registry-1.docker.io
#39 DONE 0.0s

#37 [matching-intelligence internal] load metadata for docker.io/library/gradle:8-jdk21-alpine
#37 DONE 2.0s

#35 [admin-service internal] load metadata for docker.io/library/eclipse-temurin:21-jre-alpine
#35 DONE 2.0s

#11 [live-messaging internal] load .dockerignore
#11 CACHED

#40 [admin-service internal] load build context
#40 DONE 0.0s

#41 [admin-service build-cache  1/14] FROM docker.io/library/gradle:8-jdk21-alpine@sha256:5481bb5f0679a9b265eb44584064d84a6bb23288c24dccfb343d02b88f05dff6
#41 resolve docker.io/library/gradle:8-jdk21-alpine@sha256:5481bb5f0679a9b265eb44584064d84a6bb23288c24dccfb343d02b88f05dff6
#41 resolve docker.io/library/gradle:8-jdk21-alpine@sha256:5481bb5f0679a9b265eb44584064d84a6bb23288c24dccfb343d02b88f05dff6 0.1s done
#41 DONE 0.1s

#42 [live-messaging admin-service 1/3] FROM docker.io/library/eclipse-temurin:21-jre-alpine@sha256:6ad8ed080d9be96b61438ec3ce99388e294af216ed57356000c06070e85c5d5d
#42 resolve docker.io/library/eclipse-temurin:21-jre-alpine@sha256:6ad8ed080d9be96b61438ec3ce99388e294af216ed57356000c06070e85c5d5d 0.1s done
#42 DONE 0.1s

#40 [live-messaging internal] load build context
#40 transferring context: 57.84MB 2.8s
#40 transferring context: 153.37MB 8.0s
#40 transferring context: 195.01MB 9.9s done
#40 transferring context: 195.01MB 9.9s done
#40 DONE 9.9s

#43 [admin-service build-cache  8/14] COPY --chown=gradle:gradle libs/models/build.gradle ./libs/models/
#43 CACHED

#44 [admin-service build-cache 14/14] RUN gradle dependencies --no-daemon || true
#44 CACHED

#45 [admin-service build-cache 13/14] COPY --chown=gradle:gradle services/user-service/build.gradle ./services/user-service/
#45 CACHED

#46 [admin-service build-cache  3/14] COPY --chown=gradle:gradle settings.gradle build.gradle gradlew gradlew.bat ./
#46 CACHED

#47 [admin-service build-cache  9/14] COPY --chown=gradle:gradle services/admin-and-analytics/build.gradle ./services/admin-and-analytics/
#47 CACHED

#48 [admin-service build-cache  6/14] COPY --chown=gradle:gradle libs/configs/build.gradle ./libs/configs/
#48 CACHED

#49 [admin-service build-cache  4/14] COPY --chown=gradle:gradle gradle ./gradle
#49 CACHED

#50 [admin-service build-cache  7/14] COPY --chown=gradle:gradle libs/events/build.gradle ./libs/events/
#50 CACHED

#51 [admin-service build-cache 10/14] COPY --chown=gradle:gradle services/booking-and-payment/build.gradle ./services/booking-and-payment/
#51 CACHED

#52 [admin-service build-cache 11/14] COPY --chown=gradle:gradle services/live-messaging/build.gradle ./services/live-messaging/
#52 CACHED

#53 [admin-service build-cache  2/14] WORKDIR /home/gradle/src
#53 CACHED

#54 [admin-service build-cache 12/14] COPY --chown=gradle:gradle services/matching-intelligence/build.gradle ./services/matching-intelligence/
#54 CACHED

#55 [admin-service build-cache  5/14] COPY --chown=gradle:gradle libs/common/build.gradle ./libs/common/
#55 CACHED

#56 [admin-service build 1/3] WORKDIR /home/gradle/src
#56 CACHED

#57 [admin-service build 2/3] COPY --chown=gradle:gradle . .
#57 DONE 1.2s

#58 [admin-service build 3/3] RUN --mount=type=cache,target=/home/gradle/.gradle     gradle :services:admin-and-analytics:bootJar            :services:booking-and-payment:bootJar            :services:live-messaging:bootJar            :services:matching-intelligence:bootJar            :services:user-service:bootJar            --no-daemon -x test
#58 2.401 To honour the JVM settings for this build a single-use Daemon process will be forked. For more on this, please refer to https://docs.gradle.org/8.14.4/userguide/gradle_daemon.html#sec:disabling_the_daemon in the Gradle documentation.
#58 4.206 Daemon will be stopped at the end of the build 
#58 19.70 > Task :libs:models:compileJava
#58 19.70 > Task :libs:models:processResources NO-SOURCE
#58 19.70 > Task :libs:models:classes
#58 19.80 > Task :libs:models:jar
#58 20.70 > Task :libs:common:compileJava
#58 20.70 > Task :libs:common:processResources NO-SOURCE
#58 20.80 > Task :libs:common:classes
#58 20.80 > Task :libs:common:jar
#58 21.40 > Task :libs:configs:compileJava
#58 21.40 > Task :libs:configs:processResources NO-SOURCE
#58 21.40 > Task :libs:configs:classes
#58 21.40 > Task :libs:configs:jar
#58 22.20 > Task :libs:events:compileJava
#58 22.20 > Task :libs:events:processResources NO-SOURCE
#58 22.20 > Task :libs:events:classes
#58 22.20 > Task :libs:events:jar
#58 23.30 > Task :services:admin-and-analytics:compileJava
#58 23.30 > Task :services:admin-and-analytics:processResources
#58 23.30 > Task :services:admin-and-analytics:classes
#58 23.30 > Task :services:admin-and-analytics:resolveMainClassName
#58 24.90 > Task :services:admin-and-analytics:bootJar
#58 26.40 > Task :services:booking-and-payment:compileJava
#58 26.40 > Task :services:booking-and-payment:processResources
#58 26.40 > Task :services:booking-and-payment:classes
#58 26.40 > Task :services:booking-and-payment:resolveMainClassName
#58 27.50 > Task :services:booking-and-payment:bootJar
#58 27.22 > Task :services:live-messaging:compileJava
#58 27.22 > Task :services:live-messaging:processResources
#58 27.22 > Task :services:live-messaging:classes
#58 27.22 > Task :services:live-messaging:resolveMainClassName
#58 27.92 > Task :services:live-messaging:bootJar
#58 29.12 > Task :services:matching-intelligence:compileJava
#58 29.12 > Task :services:matching-intelligence:processResources
#58 29.12 > Task :services:matching-intelligence:classes
#58 29.12 > Task :services:matching-intelligence:resolveMainClassName
#58 29.72 > Task :services:matching-intelligence:bootJar
#58 30.72 > Task :services:user-service:compileJava
#58 30.72 > Task :services:user-service:processResources
#58 30.72 > Task :services:user-service:classes
#58 30.72 > Task :services:user-service:resolveMainClassName
#58 31.42 > Task :services:user-service:bootJar
#58 31.52 
#58 31.52 BUILD SUCCESSFUL in 30s
#58 31.52 28 actionable tasks: 28 executed
#58 DONE 33.3s

#59 [booking-service admin-service 2/3] WORKDIR /app
#59 CACHED

#59 [matching-intelligence admin-service 2/3] WORKDIR /app
#59 CACHED

#60 [matching-intelligence matching-intelligence 3/3] COPY --from=build /home/gradle/src/services/matching-intelligence/build/libs/app.jar app.jar
#60 ...

#61 [live-messaging live-messaging 3/3] COPY --from=build /home/gradle/src/services/live-messaging/build/libs/app.jar app.jar
#61 DONE 1.0s

#62 [user-service user-service 3/3] COPY --from=build /home/gradle/src/services/user-service/build/libs/app.jar app.jar
#62 DONE 0.9s

#63 [admin-service admin-service 3/3] COPY --from=build /home/gradle/src/services/admin-and-analytics/build/libs/app.jar app.jar
#63 ...

#60 [matching-intelligence matching-intelligence 3/3] COPY --from=build /home/gradle/src/services/matching-intelligence/build/libs/app.jar app.jar
#60 DONE 1.7s

#64 [booking-service booking-service 3/3] COPY --from=build /home/gradle/src/services/booking-and-payment/build/libs/app.jar app.jar
#64 DONE 1.6s

#65 [booking-service] exporting to image
#65 exporting layers
#65 ...

#63 [admin-service admin-service 3/3] COPY --from=build /home/gradle/src/services/admin-and-analytics/build/libs/app.jar app.jar
#63 DONE 1.5s

#66 [admin-service] exporting to image
#66 ...

#67 [live-messaging] exporting to image
#67 ...

#68 [user-service] exporting to image
#68 ...

#69 [matching-intelligence] exporting to image
#69 ...

#67 [live-messaging] exporting to image
#67 exporting layers 13.2s done
#67 exporting manifest sha256:0e7d337a7aadbb8959441704e46db2089dd17e0a996fd228e74f561f6bbb6b28
#67 exporting manifest sha256:0e7d337a7aadbb8959441704e46db2089dd17e0a996fd228e74f561f6bbb6b28 0.2s done
#67 exporting config sha256:e0050ce9df5407ca8fe0569c900ef7458948f2444271f902ac2936781e377a23
#67 exporting config sha256:e0050ce9df5407ca8fe0569c900ef7458948f2444271f902ac2936781e377a23 0.3s done
#67 exporting attestation manifest sha256:439db1a167d12e27fddc4bcaaf3cc2e5e31bbb752f60ffc1b1d56bc00de6cc17
#67 exporting attestation manifest sha256:439db1a167d12e27fddc4bcaaf3cc2e5e31bbb752f60ffc1b1d56bc00de6cc17 0.5s done
#67 exporting manifest list sha256:6091725e8c50c45b34bdc300e6e4e43ea289c89146cbc1c038de7b8fb21c3c3b
#67 exporting manifest list sha256:6091725e8c50c45b34bdc300e6e4e43ea289c89146cbc1c038de7b8fb21c3c3b 0.2s done
#67 naming to docker.io/library/storks-live-messaging:latest
#67 naming to docker.io/library/storks-live-messaging:latest 0.1s done
#67 unpacking to docker.io/library/storks-live-messaging:latest
#67 ...

#68 [user-service] exporting to image
#68 exporting layers 13.2s done
#68 exporting manifest sha256:46cf27364aa08f1c0e150d86ced0f1e313983c4548f0eadba591105f53553323 0.2s done
#68 exporting config sha256:954f122a4c2f77054733b3f61ab9515521849e83fc222823e559749e448d6504 0.2s done
#68 exporting attestation manifest sha256:9f183d769fa552429fc2768b484406d7e9a849f3032ba7746d5ed94c46857952 0.5s done
#68 exporting manifest list sha256:a249d1201a587123cdb78225aed895b8df64c1272f7685ae4292d663d27e33fb 0.3s done
#68 naming to docker.io/library/storks-user-service:latest 0.1s done
#68 unpacking to docker.io/library/storks-user-service:latest 1.1s done
#68 DONE 15.8s

#66 [admin-service] exporting to image
#66 exporting layers 11.6s done
#66 exporting manifest sha256:6dbe31d4e274520dffc6e1698b470ed22a830f869d769d973604eab7c8a28afd 0.3s done
#66 exporting config sha256:e2ab26edd6167e2278fa3e21cd901346572c7f76c3ce2e89a0135fc5e1ff1b93 0.2s done
#66 exporting attestation manifest sha256:a2cbd5f9655a463e4bc09b715295f92f48219f214e21421acd643c61791e80cb 0.5s done
#66 exporting manifest list sha256:50a09213efcea7979173647ad5c1b8cf301851f23ffcd1a850b707f390ca9874 0.2s done
#66 naming to docker.io/library/storks-admin-service:latest 0.0s done
#66 unpacking to docker.io/library/storks-admin-service:latest 1.1s done
#66 DONE 14.3s

#69 [matching-intelligence] exporting to image
#69 exporting layers 12.3s done
#69 exporting manifest sha256:9b6595a56024644e17541c5a5c49ca45abf2858224f65f950144043aa2ae0a83 0.2s done
#69 exporting config sha256:a26672d66b1282b092857a28c69d74386a9431e99f505f45e32808536269084f 0.2s done
#69 exporting attestation manifest sha256:fcf60880075723b7d671bb73f44cd0b345b394f066070ae4be9a8947b9a2f209 0.5s done
#69 exporting manifest list sha256:a265bc8373b538c940514321d9e9d40125f4759afa0cb3c67a49aca48cf8f9ae 0.3s done
#69 naming to docker.io/library/storks-matching-intelligence:latest 0.1s done
#69 unpacking to docker.io/library/storks-matching-intelligence:latest 1.1s done
#69 DONE 15.1s

#65 [booking-service] exporting to image
#65 exporting layers 12.3s done
#65 exporting manifest sha256:de0255aaee5a6647eeb3849cfe4a90d952479d1539dbea8dde8584968d64fb05 0.2s done
#65 exporting config sha256:cf85d414cd7c8b1ac21b97609125237fde418a7e1bc288698d04602f19468342 0.2s done
#65 exporting attestation manifest sha256:467385fa1e1bd093f087bae948bc87322152703a27906beba41cb149a328166c 0.5s done
#65 exporting manifest list sha256:b682fc781cc3cdbc5a86b9688488291c84c7635a7c1e994311487aee9a799df1 0.2s done
#65 naming to docker.io/library/storks-booking-service:latest 0.0s done
#65 unpacking to docker.io/library/storks-booking-service:latest 1.1s done
#65 DONE 15.0s

#67 [live-messaging] exporting to image
#67 unpacking to docker.io/library/storks-live-messaging:latest 1.2s done
#67 DONE 16.0s

#70 [user-service] resolving provenance for metadata file
#70 DONE 0.2s

#71 [admin-service] resolving provenance for metadata file
#71 DONE 0.6s

#72 [live-messaging] resolving provenance for metadata file
#72 DONE 0.1s

#73 [booking-service] resolving provenance for metadata file
#73 DONE 0.3s

#74 [matching-intelligence] resolving provenance for metadata file
#74 DONE 0.0s
Attaching to storks-admin-service, storks-booking-service, storks-kafka, storks-kafka-ui, storks-live-messaging, storks-location-service, storks-matching-intelligence, storks-postgres, storks-safety-service, storks-user-service
storks-kafka  | ===> User
storks-kafka  | uid=1000(appuser) gid=1000(appuser) groups=1000(appuser)
storks-kafka  | ===> Setting default values of environment variables if not already set.
storks-kafka  | ===> Configuring ...
storks-kafka  | Running in KRaft mode...
storks-kafka  | ===> Launching ... 
storks-kafka  | ===> Using provided cluster id MkU3OEVBNTcwNTJENDM2Qk ...
storks-postgres  | 
storks-postgres  | PostgreSQL Database directory appears to contain a database; Skipping initialization
storks-postgres  | 
storks-safety-service    | [GIN-debug] [WARNING] Creating an Engine instance with the Logger and Recovery middleware already attached.
storks-safety-service    | 
storks-location-service  | [GIN-debug] [WARNING] Creating an Engine instance with the Logger and Recovery middleware already attached.
storks-location-service  | 
storks-location-service  | [GIN-debug] [WARNING] Running in "debug" mode. Switch to "release" mode in production.
storks-location-service  |  - using env:	export GIN_MODE=release
storks-location-service  |  - using code:	gin.SetMode(gin.ReleaseMode)
storks-location-service  | 
storks-safety-service    | [GIN-debug] [WARNING] Running in "debug" mode. Switch to "release" mode in production.
storks-safety-service    |  - using env:	export GIN_MODE=release
storks-safety-service    |  - using code:	gin.SetMode(gin.ReleaseMode)
storks-safety-service    | 
storks-safety-service    | [GIN-debug] GET    /api/v1/health            --> main.main.func3 (3 handlers)
storks-safety-service    | [GIN-debug] POST   /api/v1/test/mock-user    --> main.main.PostTestMockUser.func5 (3 handlers)
storks-location-service  | [GIN-debug] GET    /api/v1/location/health   --> main.main.func1 (3 handlers)
storks-location-service  | [GIN-debug] GET    /api/v1/ping              --> main.main.func2 (4 handlers)
storks-location-service  | [GIN-debug] GET    /api/v1/navigation/route  --> main.getRoute (3 handlers)
storks-safety-service    | [GIN-debug] POST   /api/v1/otp/request       --> safety-and-verification/internal/api/handlers.(*OTPHandler).HandleOTPRequest-fm (4 handlers)
storks-safety-service    | [GIN-debug] POST   /api/v1/otp/verify        --> safety-and-verification/internal/api/handlers.(*OTPHandler).HandleOTPVerify-fm (4 handlers)
storks-safety-service    | [GIN-debug] POST   /api/v1/qr/request        --> safety-and-verification/internal/api/handlers.(*QRHandler).HandleQRRequest-fm (4 handlers)
storks-safety-service    | [GIN-debug] POST   /api/v1/qr/verify         --> safety-and-verification/internal/api/handlers.(*QRHandler).HandleQRVerify-fm (4 handlers)
storks-location-service  | [GIN-debug] [WARNING] You trusted all proxies, this is NOT safe. We recommend you to set a value.
storks-location-service  | Please check https://github.com/gin-gonic/gin/blob/master/docs/doc.md#dont-trust-all-proxies for details.
storks-location-service  | [GIN-debug] Listening and serving HTTP on :8080
storks-safety-service    | [GIN-debug] [WARNING] You trusted all proxies, this is NOT safe. We recommend you to set a value.
storks-safety-service    | Please check https://github.com/gin-gonic/gin/blob/master/docs/doc.md#dont-trust-all-proxies for details.
storks-safety-service    | [GIN-debug] Listening and serving HTTP on :8089
storks-matching-intelligence  | 
storks-matching-intelligence  |   .   ____          _            __ _ _
storks-matching-intelligence  |  /\\ / ___'_ __ _ _(_)_ __  __ _ \ \ \ \
storks-matching-intelligence  | ( ( )\___ | '_ | '_| | '_ \/ _` | \ \ \ \
storks-matching-intelligence  |  \\/  ___)| |_)| | | | | || (_| |  ) ) ) )
storks-matching-intelligence  |   '  |____| .__|_| |_|_| |_\__, | / / / /
storks-matching-intelligence  |  =========|_|==============|___/=/_/_/_/
storks-matching-intelligence  | 
storks-admin-service          | 
storks-admin-service          |   .   ____          _            __ _ _
storks-admin-service          |  /\\ / ___'_ __ _ _(_)_ __  __ _ \ \ \ \
storks-admin-service          | ( ( )\___ | '_ | '_| | '_ \/ _` | \ \ \ \
storks-admin-service          |  \\/  ___)| |_)| | | | | || (_| |  ) ) ) )
storks-admin-service          |   '  |____| .__|_| |_|_| |_\__, | / / / /
storks-admin-service          |  =========|_|==============|___/=/_/_/_/
storks-admin-service          | 
storks-matching-intelligence  |  :: Spring Boot ::                (v3.4.5)
storks-matching-intelligence  | 
storks-admin-service          |  :: Spring Boot ::                (v3.4.5)
storks-admin-service          | 
storks-user-service           | 
storks-user-service           |   .   ____          _            __ _ _
storks-user-service           |  /\\ / ___'_ __ _ _(_)_ __  __ _ \ \ \ \
storks-user-service           | ( ( )\___ | '_ | '_| | '_ \/ _` | \ \ \ \
storks-user-service           |  \\/  ___)| |_)| | | | | || (_| |  ) ) ) )
storks-user-service           |   '  |____| .__|_| |_|_| |_\__, | / / / /
storks-user-service           |  =========|_|==============|___/=/_/_/_/
storks-user-service           | 
storks-user-service           |  :: Spring Boot ::                (v3.4.5)
storks-user-service           | 
storks-admin-service          | 2026-04-11T12:17:14.352Z  INFO 1 --- [admin-service-java] [           main] c.s.admin.AdminAndAnalyticsApplication   : Starting AdminAndAnalyticsApplication v0.0.1-SNAPSHOT using Java 21.0.10 with PID 1 (/app/app.jar started by root in /app)
storks-admin-service          | 2026-04-11T12:17:14.369Z  INFO 1 --- [admin-service-java] [           main] c.s.admin.AdminAndAnalyticsApplication   : The following 1 profile is active: "neon"
storks-booking-service        | 
storks-booking-service        |   .   ____          _            __ _ _
storks-booking-service        |  /\\ / ___'_ __ _ _(_)_ __  __ _ \ \ \ \
storks-booking-service        | ( ( )\___ | '_ | '_| | '_ \/ _` | \ \ \ \
storks-booking-service        |  \\/  ___)| |_)| | | | | || (_| |  ) ) ) )
storks-booking-service        |   '  |____| .__|_| |_|_| |_\__, | / / / /
storks-booking-service        |  =========|_|==============|___/=/_/_/_/
storks-booking-service        | 
storks-booking-service        |  :: Spring Boot ::                (v3.4.5)
storks-booking-service        | 
storks-matching-intelligence  | 2026-04-11T12:17:14.513Z  INFO 1 --- [matching-intelligence] [           main] c.s.m.MatchingIntelligenceApplication    : Starting MatchingIntelligenceApplication v0.0.1-SNAPSHOT using Java 21.0.10 with PID 1 (/app/app.jar started by root in /app)
storks-matching-intelligence  | 2026-04-11T12:17:14.533Z  INFO 1 --- [matching-intelligence] [           main] c.s.m.MatchingIntelligenceApplication    : The following 1 profile is active: "neon"
storks-user-service           | 2026-04-11T12:17:14.560Z  INFO 1 --- [user-service] [           main] c.s.userservice.UserServiceApplication   : Starting UserServiceApplication v0.0.1-SNAPSHOT using Java 21.0.10 with PID 1 (/app/app.jar started by root in /app)
storks-user-service           | 2026-04-11T12:17:14.570Z  INFO 1 --- [user-service] [           main] c.s.userservice.UserServiceApplication   : The following 1 profile is active: "neon"
storks-live-messaging         | 
storks-live-messaging         |   .   ____          _            __ _ _
storks-live-messaging         |  /\\ / ___'_ __ _ _(_)_ __  __ _ \ \ \ \
storks-live-messaging         | ( ( )\___ | '_ | '_| | '_ \/ _` | \ \ \ \
storks-live-messaging         |  \\/  ___)| |_)| | | | | || (_| |  ) ) ) )
storks-live-messaging         |   '  |____| .__|_| |_|_| |_\__, | / / / /
storks-live-messaging         |  =========|_|==============|___/=/_/_/_/
storks-live-messaging         | 
storks-live-messaging         |  :: Spring Boot ::                (v3.4.5)
storks-live-messaging         | 
storks-kafka                  | Log directory /tmp/kafka-logs is already formatted. Use --ignore-formatted to ignore this directory and format the others.
storks-booking-service        | 2026-04-11T12:17:15.017Z  INFO 1 --- [booking-and-payment] [           main] c.s.booking.BookingServiceApplication    : Starting BookingServiceApplication v0.0.1-SNAPSHOT using Java 21.0.10 with PID 1 (/app/app.jar started by root in /app)
storks-booking-service        | 2026-04-11T12:17:15.041Z  INFO 1 --- [booking-and-payment] [           main] c.s.booking.BookingServiceApplication    : The following 1 profile is active: "neon"
storks-live-messaging         | 2026-04-11T12:17:15.210Z  INFO 1 --- [live-messaging] [           main] c.s.l.LiveMessagingApplication           : Starting LiveMessagingApplication v0.0.1-SNAPSHOT using Java 21.0.10 with PID 1 (/app/app.jar started by root in /app)
storks-live-messaging         | 2026-04-11T12:17:15.218Z  INFO 1 --- [live-messaging] [           main] c.s.l.LiveMessagingApplication           : The following 1 profile is active: "neon"
storks-kafka-ui               |  _   _ ___    __             _                _          _  __      __ _
storks-kafka-ui               | | | | |_ _|  / _|___ _ _    /_\  _ __ __ _ __| |_  ___  | |/ /__ _ / _| |_____
storks-kafka-ui               | | |_| || |  |  _/ _ | '_|  / _ \| '_ / _` / _| ' \/ -_) | ' </ _` |  _| / / _`|
storks-kafka-ui               |  \___/|___| |_| \___|_|   /_/ \_| .__\__,_\__|_||_\___| |_|\_\__,_|_| |_\_\__,|
storks-kafka-ui               |                                  |_|                                             
storks-kafka-ui               | 
storks-kafka-ui               | 2026-04-11T12:17:17.941Z  INFO 1 --- [           main] io.kafbat.ui.KafkaUiApplication          : Starting KafkaUiApplication vv1.4.2 using Java 21.0.8 with PID 1 (/api.jar started by kafkaui in /)
storks-kafka-ui               | 2026-04-11T12:17:17.956Z DEBUG 1 --- [           main] io.kafbat.ui.KafkaUiApplication          : Running with Spring Boot v3.5.7, Spring v6.2.12
storks-kafka-ui               | 2026-04-11T12:17:17.961Z  INFO 1 --- [           main] io.kafbat.ui.KafkaUiApplication          : No active profile set, falling back to 1 default profile: "default"
storks-user-service           | 2026-04-11T12:17:20.273Z  INFO 1 --- [user-service] [           main] .s.d.r.c.RepositoryConfigurationDelegate : Multiple Spring Data modules found, entering strict repository configuration mode
storks-user-service           | 2026-04-11T12:17:20.274Z  INFO 1 --- [user-service] [           main] .s.d.r.c.RepositoryConfigurationDelegate : Bootstrapping Spring Data JPA repositories in DEFAULT mode.
storks-matching-intelligence  | 2026-04-11T12:17:20.427Z  INFO 1 --- [matching-intelligence] [           main] .s.d.r.c.RepositoryConfigurationDelegate : Multiple Spring Data modules found, entering strict repository configuration mode
storks-matching-intelligence  | 2026-04-11T12:17:20.429Z  INFO 1 --- [matching-intelligence] [           main] .s.d.r.c.RepositoryConfigurationDelegate : Bootstrapping Spring Data JPA repositories in DEFAULT mode.
storks-admin-service          | 2026-04-11T12:17:20.597Z  INFO 1 --- [admin-service-java] [           main] .s.d.r.c.RepositoryConfigurationDelegate : Multiple Spring Data modules found, entering strict repository configuration mode
storks-admin-service          | 2026-04-11T12:17:20.598Z  INFO 1 --- [admin-service-java] [           main] .s.d.r.c.RepositoryConfigurationDelegate : Bootstrapping Spring Data JPA repositories in DEFAULT mode.
storks-admin-service          | 2026-04-11T12:17:20.710Z  INFO 1 --- [admin-service-java] [           main] .s.d.r.c.RepositoryConfigurationDelegate : Finished Spring Data repository scanning in 80 ms. Found 0 JPA repository interfaces.
storks-live-messaging         | 2026-04-11T12:17:20.814Z  INFO 1 --- [live-messaging] [           main] .s.d.r.c.RepositoryConfigurationDelegate : Multiple Spring Data modules found, entering strict repository configuration mode
storks-live-messaging         | 2026-04-11T12:17:20.815Z  INFO 1 --- [live-messaging] [           main] .s.d.r.c.RepositoryConfigurationDelegate : Bootstrapping Spring Data JPA repositories in DEFAULT mode.
storks-user-service           | 2026-04-11T12:17:20.892Z  INFO 1 --- [user-service] [           main] .s.d.r.c.RepositoryConfigurationDelegate : Finished Spring Data repository scanning in 577 ms. Found 2 JPA repository interfaces.
storks-booking-service        | 2026-04-11T12:17:21.183Z  INFO 1 --- [booking-and-payment] [           main] .s.d.r.c.RepositoryConfigurationDelegate : Multiple Spring Data modules found, entering strict repository configuration mode
storks-booking-service        | 2026-04-11T12:17:21.184Z  INFO 1 --- [booking-and-payment] [           main] .s.d.r.c.RepositoryConfigurationDelegate : Bootstrapping Spring Data JPA repositories in DEFAULT mode.
storks-matching-intelligence  | 2026-04-11T12:17:21.334Z  INFO 1 --- [matching-intelligence] [           main] .s.d.r.c.RepositoryConfigurationDelegate : Finished Spring Data repository scanning in 857 ms. Found 8 JPA repository interfaces.
storks-live-messaging         | 2026-04-11T12:17:22.045Z  INFO 1 --- [live-messaging] [           main] .s.d.r.c.RepositoryConfigurationDelegate : Finished Spring Data repository scanning in 1177 ms. Found 5 JPA repository interfaces.
storks-booking-service        | 2026-04-11T12:17:22.189Z  INFO 1 --- [booking-and-payment] [           main] .s.d.r.c.RepositoryConfigurationDelegate : Finished Spring Data repository scanning in 974 ms. Found 7 JPA repository interfaces.
storks-user-service           | 2026-04-11T12:17:23.008Z  INFO 1 --- [user-service] [           main] .s.d.r.c.RepositoryConfigurationDelegate : Multiple Spring Data modules found, entering strict repository configuration mode
storks-user-service           | 2026-04-11T12:17:23.018Z  INFO 1 --- [user-service] [           main] .s.d.r.c.RepositoryConfigurationDelegate : Bootstrapping Spring Data Redis repositories in DEFAULT mode.
storks-user-service           | 2026-04-11T12:17:23.321Z  INFO 1 --- [user-service] [           main] .RepositoryConfigurationExtensionSupport : Spring Data Redis - Could not safely identify store assignment for repository candidate interface com.storks.userservice.repository.ParentRepository; If you want this repository to be a Redis repository, consider annotating your entities with one of these annotations: org.springframework.data.redis.core.RedisHash (preferred), or consider extending one of the following types with your repository: org.springframework.data.keyvalue.repository.KeyValueRepository
storks-user-service           | 2026-04-11T12:17:23.322Z  INFO 1 --- [user-service] [           main] .RepositoryConfigurationExtensionSupport : Spring Data Redis - Could not safely identify store assignment for repository candidate interface com.storks.userservice.repository.UserRepository; If you want this repository to be a Redis repository, consider annotating your entities with one of these annotations: org.springframework.data.redis.core.RedisHash (preferred), or consider extending one of the following types with your repository: org.springframework.data.keyvalue.repository.KeyValueRepository
storks-user-service           | 2026-04-11T12:17:23.324Z  INFO 1 --- [user-service] [           main] .s.d.r.c.RepositoryConfigurationDelegate : Finished Spring Data repository scanning in 118 ms. Found 0 Redis repository interfaces.
storks-admin-service          | 2026-04-11T12:17:23.332Z  INFO 1 --- [admin-service-java] [           main] .s.d.r.c.RepositoryConfigurationDelegate : Multiple Spring Data modules found, entering strict repository configuration mode
storks-admin-service          | 2026-04-11T12:17:23.338Z  INFO 1 --- [admin-service-java] [           main] .s.d.r.c.RepositoryConfigurationDelegate : Bootstrapping Spring Data Redis repositories in DEFAULT mode.
storks-admin-service          | 2026-04-11T12:17:23.433Z  INFO 1 --- [admin-service-java] [           main] .s.d.r.c.RepositoryConfigurationDelegate : Finished Spring Data repository scanning in 49 ms. Found 0 Redis repository interfaces.
storks-matching-intelligence  | 2026-04-11T12:17:24.238Z  INFO 1 --- [matching-intelligence] [           main] .s.d.r.c.RepositoryConfigurationDelegate : Multiple Spring Data modules found, entering strict repository configuration mode
storks-matching-intelligence  | 2026-04-11T12:17:24.244Z  INFO 1 --- [matching-intelligence] [           main] .s.d.r.c.RepositoryConfigurationDelegate : Bootstrapping Spring Data Redis repositories in DEFAULT mode.
storks-matching-intelligence  | 2026-04-11T12:17:24.369Z  INFO 1 --- [matching-intelligence] [           main] .RepositoryConfigurationExtensionSupport : Spring Data Redis - Could not safely identify store assignment for repository candidate interface com.storks.matching.repository.ChildRepository; If you want this repository to be a Redis repository, consider annotating your entities with one of these annotations: org.springframework.data.redis.core.RedisHash (preferred), or consider extending one of the following types with your repository: org.springframework.data.keyvalue.repository.KeyValueRepository
storks-matching-intelligence  | 2026-04-11T12:17:24.370Z  INFO 1 --- [matching-intelligence] [           main] .RepositoryConfigurationExtensionSupport : Spring Data Redis - Could not safely identify store assignment for repository candidate interface com.storks.matching.repository.DriverProfileRepository; If you want this repository to be a Redis repository, consider annotating your entities with one of these annotations: org.springframework.data.redis.core.RedisHash (preferred), or consider extending one of the following types with your repository: org.springframework.data.keyvalue.repository.KeyValueRepository
storks-matching-intelligence  | 2026-04-11T12:17:24.375Z  INFO 1 --- [matching-intelligence] [           main] .RepositoryConfigurationExtensionSupport : Spring Data Redis - Could not safely identify store assignment for repository candidate interface com.storks.matching.repository.DriverRepository; If you want this repository to be a Redis repository, consider annotating your entities with one of these annotations: org.springframework.data.redis.core.RedisHash (preferred), or consider extending one of the following types with your repository: org.springframework.data.keyvalue.repository.KeyValueRepository
storks-matching-intelligence  | 2026-04-11T12:17:24.376Z  INFO 1 --- [matching-intelligence] [           main] .RepositoryConfigurationExtensionSupport : Spring Data Redis - Could not safely identify store assignment for repository candidate interface com.storks.matching.repository.GroupRepository; If you want this repository to be a Redis repository, consider annotating your entities with one of these annotations: org.springframework.data.redis.core.RedisHash (preferred), or consider extending one of the following types with your repository: org.springframework.data.keyvalue.repository.KeyValueRepository
storks-matching-intelligence  | 2026-04-11T12:17:24.385Z  INFO 1 --- [matching-intelligence] [           main] .RepositoryConfigurationExtensionSupport : Spring Data Redis - Could not safely identify store assignment for repository candidate interface com.storks.matching.repository.ParentRepository; If you want this repository to be a Redis repository, consider annotating your entities with one of these annotations: org.springframework.data.redis.core.RedisHash (preferred), or consider extending one of the following types with your repository: org.springframework.data.keyvalue.repository.KeyValueRepository
storks-matching-intelligence  | 2026-04-11T12:17:24.386Z  INFO 1 --- [matching-intelligence] [           main] .RepositoryConfigurationExtensionSupport : Spring Data Redis - Could not safely identify store assignment for repository candidate interface com.storks.matching.repository.SearchDriverRepository; If you want this repository to be a Redis repository, consider annotating your entities with one of these annotations: org.springframework.data.redis.core.RedisHash (preferred), or consider extending one of the following types with your repository: org.springframework.data.keyvalue.repository.KeyValueRepository
storks-matching-intelligence  | 2026-04-11T12:17:24.386Z  INFO 1 --- [matching-intelligence] [           main] .RepositoryConfigurationExtensionSupport : Spring Data Redis - Could not safely identify store assignment for repository candidate interface com.storks.matching.repository.TripStatusRepository; If you want this repository to be a Redis repository, consider annotating your entities with one of these annotations: org.springframework.data.redis.core.RedisHash (preferred), or consider extending one of the following types with your repository: org.springframework.data.keyvalue.repository.KeyValueRepository
storks-matching-intelligence  | 2026-04-11T12:17:24.392Z  INFO 1 --- [matching-intelligence] [           main] .RepositoryConfigurationExtensionSupport : Spring Data Redis - Could not safely identify store assignment for repository candidate interface com.storks.matching.repository.UserRepository; If you want this repository to be a Redis repository, consider annotating your entities with one of these annotations: org.springframework.data.redis.core.RedisHash (preferred), or consider extending one of the following types with your repository: org.springframework.data.keyvalue.repository.KeyValueRepository
storks-matching-intelligence  | 2026-04-11T12:17:24.392Z  INFO 1 --- [matching-intelligence] [           main] .s.d.r.c.RepositoryConfigurationDelegate : Finished Spring Data repository scanning in 90 ms. Found 0 Redis repository interfaces.
storks-live-messaging         | 2026-04-11T12:17:24.496Z  INFO 1 --- [live-messaging] [           main] .s.d.r.c.RepositoryConfigurationDelegate : Multiple Spring Data modules found, entering strict repository configuration mode
storks-live-messaging         | 2026-04-11T12:17:24.498Z  INFO 1 --- [live-messaging] [           main] .s.d.r.c.RepositoryConfigurationDelegate : Bootstrapping Spring Data Redis repositories in DEFAULT mode.
storks-live-messaging         | 2026-04-11T12:17:24.599Z  INFO 1 --- [live-messaging] [           main] .RepositoryConfigurationExtensionSupport : Spring Data Redis - Could not safely identify store assignment for repository candidate interface com.storks.livemessaging.repositories.ChatRoomParticipantRepository; If you want this repository to be a Redis repository, consider annotating your entities with one of these annotations: org.springframework.data.redis.core.RedisHash (preferred), or consider extending one of the following types with your repository: org.springframework.data.keyvalue.repository.KeyValueRepository
storks-live-messaging         | 2026-04-11T12:17:24.601Z  INFO 1 --- [live-messaging] [           main] .RepositoryConfigurationExtensionSupport : Spring Data Redis - Could not safely identify store assignment for repository candidate interface com.storks.livemessaging.repositories.ChatRoomRepository; If you want this repository to be a Redis repository, consider annotating your entities with one of these annotations: org.springframework.data.redis.core.RedisHash (preferred), or consider extending one of the following types with your repository: org.springframework.data.keyvalue.repository.KeyValueRepository
storks-live-messaging         | 2026-04-11T12:17:24.603Z  INFO 1 --- [live-messaging] [           main] .RepositoryConfigurationExtensionSupport : Spring Data Redis - Could not safely identify store assignment for repository candidate interface com.storks.livemessaging.repositories.MessageRepository; If you want this repository to be a Redis repository, consider annotating your entities with one of these annotations: org.springframework.data.redis.core.RedisHash (preferred), or consider extending one of the following types with your repository: org.springframework.data.keyvalue.repository.KeyValueRepository
storks-live-messaging         | 2026-04-11T12:17:24.613Z  INFO 1 --- [live-messaging] [           main] .RepositoryConfigurationExtensionSupport : Spring Data Redis - Could not safely identify store assignment for repository candidate interface com.storks.livemessaging.repositories.ParentRepository; If you want this repository to be a Redis repository, consider annotating your entities with one of these annotations: org.springframework.data.redis.core.RedisHash (preferred), or consider extending one of the following types with your repository: org.springframework.data.keyvalue.repository.KeyValueRepository
storks-live-messaging         | 2026-04-11T12:17:24.615Z  INFO 1 --- [live-messaging] [           main] .RepositoryConfigurationExtensionSupport : Spring Data Redis - Could not safely identify store assignment for repository candidate interface com.storks.livemessaging.repositories.UserRepository; If you want this repository to be a Redis repository, consider annotating your entities with one of these annotations: org.springframework.data.redis.core.RedisHash (preferred), or consider extending one of the following types with your repository: org.springframework.data.keyvalue.repository.KeyValueRepository
storks-live-messaging         | 2026-04-11T12:17:24.617Z  INFO 1 --- [live-messaging] [           main] .s.d.r.c.RepositoryConfigurationDelegate : Finished Spring Data repository scanning in 56 ms. Found 0 Redis repository interfaces.
storks-booking-service        | 2026-04-11T12:17:24.621Z  INFO 1 --- [booking-and-payment] [           main] .s.d.r.c.RepositoryConfigurationDelegate : Multiple Spring Data modules found, entering strict repository configuration mode
storks-booking-service        | 2026-04-11T12:17:24.624Z  INFO 1 --- [booking-and-payment] [           main] .s.d.r.c.RepositoryConfigurationDelegate : Bootstrapping Spring Data Redis repositories in DEFAULT mode.
storks-booking-service        | 2026-04-11T12:17:24.707Z  INFO 1 --- [booking-and-payment] [           main] .RepositoryConfigurationExtensionSupport : Spring Data Redis - Could not safely identify store assignment for repository candidate interface com.storks.booking.repository.BookingRepository; If you want this repository to be a Redis repository, consider annotating your entities with one of these annotations: org.springframework.data.redis.core.RedisHash (preferred), or consider extending one of the following types with your repository: org.springframework.data.keyvalue.repository.KeyValueRepository
storks-booking-service        | 2026-04-11T12:17:24.713Z  INFO 1 --- [booking-and-payment] [           main] .RepositoryConfigurationExtensionSupport : Spring Data Redis - Could not safely identify store assignment for repository candidate interface com.storks.booking.repository.ChildGroupRepository; If you want this repository to be a Redis repository, consider annotating your entities with one of these annotations: org.springframework.data.redis.core.RedisHash (preferred), or consider extending one of the following types with your repository: org.springframework.data.keyvalue.repository.KeyValueRepository
storks-booking-service        | 2026-04-11T12:17:24.715Z  INFO 1 --- [booking-and-payment] [           main] .RepositoryConfigurationExtensionSupport : Spring Data Redis - Could not safely identify store assignment for repository candidate interface com.storks.booking.repository.ChildRepository; If you want this repository to be a Redis repository, consider annotating your entities with one of these annotations: org.springframework.data.redis.core.RedisHash (preferred), or consider extending one of the following types with your repository: org.springframework.data.keyvalue.repository.KeyValueRepository
storks-booking-service        | 2026-04-11T12:17:24.725Z  INFO 1 --- [booking-and-payment] [           main] .RepositoryConfigurationExtensionSupport : Spring Data Redis - Could not safely identify store assignment for repository candidate interface com.storks.booking.repository.DriverRepository; If you want this repository to be a Redis repository, consider annotating your entities with one of these annotations: org.springframework.data.redis.core.RedisHash (preferred), or consider extending one of the following types with your repository: org.springframework.data.keyvalue.repository.KeyValueRepository
storks-booking-service        | 2026-04-11T12:17:24.727Z  INFO 1 --- [booking-and-payment] [           main] .RepositoryConfigurationExtensionSupport : Spring Data Redis - Could not safely identify store assignment for repository candidate interface com.storks.booking.repository.OfferRepository; If you want this repository to be a Redis repository, consider annotating your entities with one of these annotations: org.springframework.data.redis.core.RedisHash (preferred), or consider extending one of the following types with your repository: org.springframework.data.keyvalue.repository.KeyValueRepository
storks-booking-service        | 2026-04-11T12:17:24.730Z  INFO 1 --- [booking-and-payment] [           main] .RepositoryConfigurationExtensionSupport : Spring Data Redis - Could not safely identify store assignment for repository candidate interface com.storks.booking.repository.ParentRepository; If you want this repository to be a Redis repository, consider annotating your entities with one of these annotations: org.springframework.data.redis.core.RedisHash (preferred), or consider extending one of the following types with your repository: org.springframework.data.keyvalue.repository.KeyValueRepository
storks-booking-service        | 2026-04-11T12:17:24.737Z  INFO 1 --- [booking-and-payment] [           main] .RepositoryConfigurationExtensionSupport : Spring Data Redis - Could not safely identify store assignment for repository candidate interface com.storks.booking.repository.UserRepository; If you want this repository to be a Redis repository, consider annotating your entities with one of these annotations: org.springframework.data.redis.core.RedisHash (preferred), or consider extending one of the following types with your repository: org.springframework.data.keyvalue.repository.KeyValueRepository
storks-booking-service        | 2026-04-11T12:17:24.741Z  INFO 1 --- [booking-and-payment] [           main] .s.d.r.c.RepositoryConfigurationDelegate : Finished Spring Data repository scanning in 90 ms. Found 0 Redis repository interfaces.
storks-user-service           | 2026-04-11T12:17:29.020Z  INFO 1 --- [user-service] [           main] o.s.b.w.embedded.tomcat.TomcatWebServer  : Tomcat initialized with port 8083 (http)
storks-user-service           | 2026-04-11T12:17:29.081Z  INFO 1 --- [user-service] [           main] o.apache.catalina.core.StandardService   : Starting service [Tomcat]
storks-user-service           | 2026-04-11T12:17:29.082Z  INFO 1 --- [user-service] [           main] o.apache.catalina.core.StandardEngine    : Starting Servlet engine: [Apache Tomcat/10.1.40]
storks-admin-service          | 2026-04-11T12:17:29.149Z  INFO 1 --- [admin-service-java] [           main] o.s.b.w.embedded.tomcat.TomcatWebServer  : Tomcat initialized with port 8085 (http)
storks-admin-service          | 2026-04-11T12:17:29.234Z  INFO 1 --- [admin-service-java] [           main] o.apache.catalina.core.StandardService   : Starting service [Tomcat]
storks-user-service           | 2026-04-11T12:17:29.236Z  INFO 1 --- [user-service] [           main] o.a.c.c.C.[Tomcat].[localhost].[/]       : Initializing Spring embedded WebApplicationContext
storks-admin-service          | 2026-04-11T12:17:29.240Z  INFO 1 --- [admin-service-java] [           main] o.apache.catalina.core.StandardEngine    : Starting Servlet engine: [Apache Tomcat/10.1.40]
storks-user-service           | 2026-04-11T12:17:29.240Z  INFO 1 --- [user-service] [           main] w.s.c.ServletWebServerApplicationContext : Root WebApplicationContext: initialization completed in 14203 ms
storks-admin-service          | 2026-04-11T12:17:29.390Z  INFO 1 --- [admin-service-java] [           main] o.a.c.c.C.[Tomcat].[localhost].[/]       : Initializing Spring embedded WebApplicationContext
storks-admin-service          | 2026-04-11T12:17:29.395Z  INFO 1 --- [admin-service-java] [           main] w.s.c.ServletWebServerApplicationContext : Root WebApplicationContext: initialization completed in 14656 ms
storks-matching-intelligence  | 2026-04-11T12:17:29.723Z  INFO 1 --- [matching-intelligence] [           main] o.s.b.w.embedded.tomcat.TomcatWebServer  : Tomcat initialized with port 8084 (http)
storks-matching-intelligence  | 2026-04-11T12:17:29.772Z  INFO 1 --- [matching-intelligence] [           main] o.apache.catalina.core.StandardService   : Starting service [Tomcat]
storks-matching-intelligence  | 2026-04-11T12:17:29.774Z  INFO 1 --- [matching-intelligence] [           main] o.apache.catalina.core.StandardEngine    : Starting Servlet engine: [Apache Tomcat/10.1.40]
storks-matching-intelligence  | 2026-04-11T12:17:29.892Z  INFO 1 --- [matching-intelligence] [           main] o.a.c.c.C.[Tomcat].[localhost].[/]       : Initializing Spring embedded WebApplicationContext
storks-matching-intelligence  | 2026-04-11T12:17:29.898Z  INFO 1 --- [matching-intelligence] [           main] w.s.c.ServletWebServerApplicationContext : Root WebApplicationContext: initialization completed in 14815 ms
storks-booking-service        | 2026-04-11T12:17:30.337Z  INFO 1 --- [booking-and-payment] [           main] o.s.b.w.embedded.tomcat.TomcatWebServer  : Tomcat initialized with port 8088 (http)
storks-live-messaging         | 2026-04-11T12:17:30.606Z  INFO 1 --- [live-messaging] [           main] o.s.b.w.embedded.tomcat.TomcatWebServer  : Tomcat initialized with port 8086 (http)
storks-booking-service        | 2026-04-11T12:17:30.608Z  INFO 1 --- [booking-and-payment] [           main] o.apache.catalina.core.StandardService   : Starting service [Tomcat]
storks-booking-service        | 2026-04-11T12:17:30.611Z  INFO 1 --- [booking-and-payment] [           main] o.apache.catalina.core.StandardEngine    : Starting Servlet engine: [Apache Tomcat/10.1.40]
storks-live-messaging         | 2026-04-11T12:17:30.694Z  INFO 1 --- [live-messaging] [           main] o.apache.catalina.core.StandardService   : Starting service [Tomcat]
storks-live-messaging         | 2026-04-11T12:17:30.696Z  INFO 1 --- [live-messaging] [           main] o.apache.catalina.core.StandardEngine    : Starting Servlet engine: [Apache Tomcat/10.1.40]
storks-live-messaging         | 2026-04-11T12:17:30.831Z  INFO 1 --- [live-messaging] [           main] o.a.c.c.C.[Tomcat].[localhost].[/]       : Initializing Spring embedded WebApplicationContext
storks-live-messaging         | 2026-04-11T12:17:30.837Z  INFO 1 --- [live-messaging] [           main] w.s.c.ServletWebServerApplicationContext : Root WebApplicationContext: initialization completed in 15086 ms
storks-booking-service        | 2026-04-11T12:17:30.866Z  INFO 1 --- [booking-and-payment] [           main] o.a.c.c.C.[Tomcat].[localhost].[/]       : Initializing Spring embedded WebApplicationContext
storks-booking-service        | 2026-04-11T12:17:30.874Z  INFO 1 --- [booking-and-payment] [           main] w.s.c.ServletWebServerApplicationContext : Root WebApplicationContext: initialization completed in 15323 ms
storks-user-service           | 2026-04-11T12:17:31.007Z  INFO 1 --- [user-service] [           main] o.hibernate.jpa.internal.util.LogHelper  : HHH000204: Processing PersistenceUnitInfo [name: default]
storks-user-service           | 2026-04-11T12:17:31.200Z  INFO 1 --- [user-service] [           main] org.hibernate.Version                    : HHH000412: Hibernate ORM core version 6.6.13.Final
storks-user-service           | 2026-04-11T12:17:31.336Z  INFO 1 --- [user-service] [           main] o.h.c.internal.RegionFactoryInitiator    : HHH000026: Second-level cache disabled
storks-matching-intelligence  | 2026-04-11T12:17:31.552Z  INFO 1 --- [matching-intelligence] [           main] o.hibernate.jpa.internal.util.LogHelper  : HHH000204: Processing PersistenceUnitInfo [name: default]
storks-admin-service          | 2026-04-11T12:17:30.645Z  INFO 1 --- [admin-service-java] [           main] o.hibernate.jpa.internal.util.LogHelper  : HHH000204: Processing PersistenceUnitInfo [name: default]
storks-matching-intelligence  | 2026-04-11T12:17:30.777Z  INFO 1 --- [matching-intelligence] [           main] org.hibernate.Version                    : HHH000412: Hibernate ORM core version 6.6.13.Final
storks-admin-service          | 2026-04-11T12:17:30.915Z  INFO 1 --- [admin-service-java] [           main] org.hibernate.Version                    : HHH000412: Hibernate ORM core version 6.6.13.Final
storks-matching-intelligence  | 2026-04-11T12:17:30.949Z  INFO 1 --- [matching-intelligence] [           main] o.h.c.internal.RegionFactoryInitiator    : HHH000026: Second-level cache disabled
storks-admin-service          | 2026-04-11T12:17:31.083Z  INFO 1 --- [admin-service-java] [           main] o.h.c.internal.RegionFactoryInitiator    : HHH000026: Second-level cache disabled
storks-user-service           | 2026-04-11T12:17:31.401Z  INFO 1 --- [user-service] [           main] o.s.o.j.p.SpringPersistenceUnitInfo      : No LoadTimeWeaver setup: ignoring JPA class transformer
storks-user-service           | 2026-04-11T12:17:31.611Z  INFO 1 --- [user-service] [           main] com.zaxxer.hikari.HikariDataSource       : HikariPool-1 - Starting...
storks-booking-service        | 2026-04-11T12:17:31.972Z  INFO 1 --- [booking-and-payment] [           main] o.hibernate.jpa.internal.util.LogHelper  : HHH000204: Processing PersistenceUnitInfo [name: default]
storks-live-messaging         | 2026-04-11T12:17:32.080Z  INFO 1 --- [live-messaging] [           main] o.hibernate.jpa.internal.util.LogHelper  : HHH000204: Processing PersistenceUnitInfo [name: default]
storks-booking-service        | 2026-04-11T12:17:32.178Z  INFO 1 --- [booking-and-payment] [           main] org.hibernate.Version                    : HHH000412: Hibernate ORM core version 6.6.13.Final
storks-matching-intelligence  | 2026-04-11T12:17:32.265Z  INFO 1 --- [matching-intelligence] [           main] o.s.o.j.p.SpringPersistenceUnitInfo      : No LoadTimeWeaver setup: ignoring JPA class transformer
storks-live-messaging         | 2026-04-11T12:17:32.317Z  INFO 1 --- [live-messaging] [           main] org.hibernate.Version                    : HHH000412: Hibernate ORM core version 6.6.13.Final
storks-booking-service        | 2026-04-11T12:17:32.333Z  INFO 1 --- [booking-and-payment] [           main] o.h.c.internal.RegionFactoryInitiator    : HHH000026: Second-level cache disabled
storks-matching-intelligence  | 2026-04-11T12:17:32.442Z  INFO 1 --- [matching-intelligence] [           main] com.zaxxer.hikari.HikariDataSource       : HikariPool-1 - Starting...
storks-live-messaging         | 2026-04-11T12:17:32.453Z  INFO 1 --- [live-messaging] [           main] o.h.c.internal.RegionFactoryInitiator    : HHH000026: Second-level cache disabled
storks-admin-service          | 2026-04-11T12:17:32.650Z  INFO 1 --- [admin-service-java] [           main] o.s.o.j.p.SpringPersistenceUnitInfo      : No LoadTimeWeaver setup: ignoring JPA class transformer
storks-admin-service          | 2026-04-11T12:17:32.763Z  INFO 1 --- [admin-service-java] [           main] com.zaxxer.hikari.HikariDataSource       : HikariPool-1 - Starting...
storks-booking-service        | 2026-04-11T12:17:33.485Z  INFO 1 --- [booking-and-payment] [           main] o.s.o.j.p.SpringPersistenceUnitInfo      : No LoadTimeWeaver setup: ignoring JPA class transformer
storks-booking-service        | 2026-04-11T12:17:33.608Z  INFO 1 --- [booking-and-payment] [           main] com.zaxxer.hikari.HikariDataSource       : HikariPool-1 - Starting...
storks-live-messaging         | 2026-04-11T12:17:33.748Z  INFO 1 --- [live-messaging] [           main] o.s.o.j.p.SpringPersistenceUnitInfo      : No LoadTimeWeaver setup: ignoring JPA class transformer
storks-live-messaging         | 2026-04-11T12:17:33.866Z  INFO 1 --- [live-messaging] [           main] com.zaxxer.hikari.HikariDataSource       : HikariPool-1 - Starting...
storks-user-service           | 2026-04-11T12:17:34.755Z  INFO 1 --- [user-service] [           main] com.zaxxer.hikari.pool.HikariPool        : HikariPool-1 - Added connection org.postgresql.jdbc.PgConnection@acd115d
storks-user-service           | 2026-04-11T12:17:34.760Z  INFO 1 --- [user-service] [           main] com.zaxxer.hikari.HikariDataSource       : HikariPool-1 - Start completed.
storks-matching-intelligence  | 2026-04-11T12:17:35.019Z  INFO 1 --- [matching-intelligence] [           main] com.zaxxer.hikari.pool.HikariPool        : HikariPool-1 - Added connection org.postgresql.jdbc.PgConnection@32e7df65
storks-user-service           | 2026-04-11T12:17:35.052Z  WARN 1 --- [user-service] [           main] org.hibernate.orm.deprecation            : HHH90000025: PostgreSQLDialect does not need to be specified explicitly using 'hibernate.dialect' (remove the property setting and it will be selected by default)
storks-matching-intelligence  | 2026-04-11T12:17:35.056Z  INFO 1 --- [matching-intelligence] [           main] com.zaxxer.hikari.HikariDataSource       : HikariPool-1 - Start completed.
storks-admin-service          | 2026-04-11T12:17:35.222Z  INFO 1 --- [admin-service-java] [           main] com.zaxxer.hikari.pool.HikariPool        : HikariPool-1 - Added connection org.postgresql.jdbc.PgConnection@644f6e89
storks-admin-service          | 2026-04-11T12:17:35.226Z  INFO 1 --- [admin-service-java] [           main] com.zaxxer.hikari.HikariDataSource       : HikariPool-1 - Start completed.
storks-user-service           | 2026-04-11T12:17:35.280Z  INFO 1 --- [user-service] [           main] org.hibernate.orm.connections.pooling    : HHH10001005: Database info:
storks-user-service           | 	Database JDBC URL [Connecting through datasource 'HikariDataSource (HikariPool-1)']
storks-user-service           | 	Database driver: undefined/unknown
storks-user-service           | 	Database version: 17.8
storks-user-service           | 	Autocommit mode: undefined/unknown
storks-user-service           | 	Isolation level: undefined/unknown
storks-user-service           | 	Minimum pool size: undefined/unknown
storks-user-service           | 	Maximum pool size: undefined/unknown
storks-matching-intelligence  | 2026-04-11T12:17:35.303Z  WARN 1 --- [matching-intelligence] [           main] org.hibernate.orm.deprecation            : HHH90000025: PostgreSQLDialect does not need to be specified explicitly using 'hibernate.dialect' (remove the property setting and it will be selected by default)
storks-admin-service          | 2026-04-11T12:17:35.528Z  WARN 1 --- [admin-service-java] [           main] org.hibernate.orm.deprecation            : HHH90000025: PostgreSQLDialect does not need to be specified explicitly using 'hibernate.dialect' (remove the property setting and it will be selected by default)
storks-matching-intelligence  | 2026-04-11T12:17:35.539Z  INFO 1 --- [matching-intelligence] [           main] org.hibernate.orm.connections.pooling    : HHH10001005: Database info:
storks-matching-intelligence  | 	Database JDBC URL [Connecting through datasource 'HikariDataSource (HikariPool-1)']
storks-matching-intelligence  | 	Database driver: undefined/unknown
storks-matching-intelligence  | 	Database version: 17.8
storks-matching-intelligence  | 	Autocommit mode: undefined/unknown
storks-matching-intelligence  | 	Isolation level: undefined/unknown
storks-matching-intelligence  | 	Minimum pool size: undefined/unknown
storks-matching-intelligence  | 	Maximum pool size: undefined/unknown
storks-admin-service          | 2026-04-11T12:17:35.780Z  INFO 1 --- [admin-service-java] [           main] org.hibernate.orm.connections.pooling    : HHH10001005: Database info:
storks-admin-service          | 	Database JDBC URL [Connecting through datasource 'HikariDataSource (HikariPool-1)']
storks-admin-service          | 	Database driver: undefined/unknown
storks-admin-service          | 	Database version: 17.8
storks-admin-service          | 	Autocommit mode: undefined/unknown
storks-admin-service          | 	Isolation level: undefined/unknown
storks-admin-service          | 	Minimum pool size: undefined/unknown
storks-admin-service          | 	Maximum pool size: undefined/unknown
storks-booking-service        | 2026-04-11T12:17:35.845Z  INFO 1 --- [booking-and-payment] [           main] com.zaxxer.hikari.pool.HikariPool        : HikariPool-1 - Added connection org.postgresql.jdbc.PgConnection@6130a6f5
storks-booking-service        | 2026-04-11T12:17:35.855Z  INFO 1 --- [booking-and-payment] [           main] com.zaxxer.hikari.HikariDataSource       : HikariPool-1 - Start completed.
storks-live-messaging         | 2026-04-11T12:17:36.205Z  INFO 1 --- [live-messaging] [           main] com.zaxxer.hikari.pool.HikariPool        : HikariPool-1 - Added connection org.postgresql.jdbc.PgConnection@14980819
storks-live-messaging         | 2026-04-11T12:17:36.211Z  INFO 1 --- [live-messaging] [           main] com.zaxxer.hikari.HikariDataSource       : HikariPool-1 - Start completed.
storks-booking-service        | 2026-04-11T12:17:36.213Z  WARN 1 --- [booking-and-payment] [           main] org.hibernate.orm.deprecation            : HHH90000025: PostgreSQLDialect does not need to be specified explicitly using 'hibernate.dialect' (remove the property setting and it will be selected by default)
storks-live-messaging         | 2026-04-11T12:17:36.605Z  WARN 1 --- [live-messaging] [           main] org.hibernate.orm.deprecation            : HHH90000025: PostgreSQLDialect does not need to be specified explicitly using 'hibernate.dialect' (remove the property setting and it will be selected by default)
storks-booking-service        | 2026-04-11T12:17:36.802Z  INFO 1 --- [booking-and-payment] [           main] org.hibernate.orm.connections.pooling    : HHH10001005: Database info:
storks-booking-service        | 	Database JDBC URL [Connecting through datasource 'HikariDataSource (HikariPool-1)']
storks-booking-service        | 	Database driver: undefined/unknown
storks-booking-service        | 	Database version: 17.8
storks-booking-service        | 	Autocommit mode: undefined/unknown
storks-booking-service        | 	Isolation level: undefined/unknown
storks-booking-service        | 	Minimum pool size: undefined/unknown
storks-booking-service        | 	Maximum pool size: undefined/unknown
storks-live-messaging         | 2026-04-11T12:17:37.005Z  INFO 1 --- [live-messaging] [           main] org.hibernate.orm.connections.pooling    : HHH10001005: Database info:
storks-live-messaging         | 	Database JDBC URL [Connecting through datasource 'HikariDataSource (HikariPool-1)']
storks-live-messaging         | 	Database driver: undefined/unknown
storks-live-messaging         | 	Database version: 17.8
storks-live-messaging         | 	Autocommit mode: undefined/unknown
storks-live-messaging         | 	Isolation level: undefined/unknown
storks-live-messaging         | 	Minimum pool size: undefined/unknown
storks-live-messaging         | 	Maximum pool size: undefined/unknown
storks-kafka-ui               | 2026-04-11T12:17:37.082Z DEBUG 1 --- [           main] io.kafbat.ui.serdes.SerdesInitializer    : Configuring serdes for cluster local
storks-user-service           | 2026-04-11T12:17:43.317Z  INFO 1 --- [user-service] [           main] o.h.e.t.j.p.i.JtaPlatformInitiator       : HHH000489: No JTA platform available (set 'hibernate.transaction.jta.platform' to enable JTA platform integration)
storks-kafka-ui               | 2026-04-11T12:17:43.526Z  WARN 1 --- [           main] i.k.u.c.auth.DisabledAuthSecurityConfig  : Authentication is disabled. Access will be unrestricted.
storks-matching-intelligence  | 2026-04-11T12:17:45.267Z  INFO 1 --- [matching-intelligence] [           main] o.h.e.t.j.p.i.JtaPlatformInitiator       : HHH000489: No JTA platform available (set 'hibernate.transaction.jta.platform' to enable JTA platform integration)
storks-admin-service          | 2026-04-11T12:17:45.433Z  INFO 1 --- [admin-service-java] [           main] o.h.e.t.j.p.i.JtaPlatformInitiator       : HHH000489: No JTA platform available (set 'hibernate.transaction.jta.platform' to enable JTA platform integration)
storks-booking-service        | 2026-04-11T12:17:46.184Z  INFO 1 --- [booking-and-payment] [           main] o.h.e.t.j.p.i.JtaPlatformInitiator       : HHH000489: No JTA platform available (set 'hibernate.transaction.jta.platform' to enable JTA platform integration)
storks-kafka-ui               | 2026-04-11T12:17:46.226Z  INFO 1 --- [           main] io.kafbat.ui.KafkaUiApplication          : Started KafkaUiApplication in 32.712 seconds (process running for 41.17)
storks-live-messaging         | 2026-04-11T12:17:46.507Z  INFO 1 --- [live-messaging] [           main] o.h.e.t.j.p.i.JtaPlatformInitiator       : HHH000489: No JTA platform available (set 'hibernate.transaction.jta.platform' to enable JTA platform integration)
storks-user-service           | 2026-04-11T12:17:46.679Z  INFO 1 --- [user-service] [           main] j.LocalContainerEntityManagerFactoryBean : Initialized JPA EntityManagerFactory for persistence unit 'default'
storks-kafka-ui               | 2026-04-11T12:17:46.824Z DEBUG 1 --- [     parallel-2] i.k.u.s.ClustersStatisticsScheduler      : Start getting metrics for kafkaCluster: local
storks-matching-intelligence  | 2026-04-11T12:17:47.014Z  WARN 1 --- [matching-intelligence] [           main] o.h.t.s.i.ExceptionHandlerLoggedImpl     : GenerationTarget encountered exception accepting command : Error executing DDL "create table trip_status (id uuid generated by default as identity, uuiditude float(53) not null, driver_name varchar(255), latitude float(53) not null, message varchar(255), plate varchar(255), status varchar(255), vehicle varchar(255), primary key (id))" via JDBC [ERROR: identity column type must be smallint, integer, or bigint]
storks-matching-intelligence  | 
storks-matching-intelligence  | org.hibernate.tool.schema.spi.CommandAcceptanceException: Error executing DDL "create table trip_status (id uuid generated by default as identity, uuiditude float(53) not null, driver_name varchar(255), latitude float(53) not null, message varchar(255), plate varchar(255), status varchar(255), vehicle varchar(255), primary key (id))" via JDBC [ERROR: identity column type must be smallint, integer, or bigint]
storks-matching-intelligence  | 	at org.hibernate.tool.schema.internal.exec.GenerationTargetToDatabase.accept(GenerationTargetToDatabase.java:94) ~[hibernate-core-6.6.13.Final.jar!/:6.6.13.Final]
storks-matching-intelligence  | 	at org.hibernate.tool.schema.internal.AbstractSchemaMigrator.applySqlString(AbstractSchemaMigrator.java:576) ~[hibernate-core-6.6.13.Final.jar!/:6.6.13.Final]
storks-matching-intelligence  | 	at org.hibernate.tool.schema.internal.AbstractSchemaMigrator.applySqlStrings(AbstractSchemaMigrator.java:516) ~[hibernate-core-6.6.13.Final.jar!/:6.6.13.Final]
storks-matching-intelligence  | 	at org.hibernate.tool.schema.internal.AbstractSchemaMigrator.createTable(AbstractSchemaMigrator.java:316) ~[hibernate-core-6.6.13.Final.jar!/:6.6.13.Final]
storks-matching-intelligence  | 	at org.hibernate.tool.schema.internal.GroupedSchemaMigratorImpl.performTablesMigration(GroupedSchemaMigratorImpl.java:80) ~[hibernate-core-6.6.13.Final.jar!/:6.6.13.Final]
storks-matching-intelligence  | 	at org.hibernate.tool.schema.internal.AbstractSchemaMigrator.performMigration(AbstractSchemaMigrator.java:233) ~[hibernate-core-6.6.13.Final.jar!/:6.6.13.Final]
storks-matching-intelligence  | 	at org.hibernate.tool.schema.internal.AbstractSchemaMigrator.doMigration(AbstractSchemaMigrator.java:112) ~[hibernate-core-6.6.13.Final.jar!/:6.6.13.Final]
storks-matching-intelligence  | 	at org.hibernate.tool.schema.spi.SchemaManagementToolCoordinator.performDatabaseAction(SchemaManagementToolCoordinator.java:280) ~[hibernate-core-6.6.13.Final.jar!/:6.6.13.Final]
storks-matching-intelligence  | 	at org.hibernate.tool.schema.spi.SchemaManagementToolCoordinator.lambda$process$5(SchemaManagementToolCoordinator.java:144) ~[hibernate-core-6.6.13.Final.jar!/:6.6.13.Final]
storks-matching-intelligence  | 	at java.base/java.util.HashMap.forEach(Unknown Source) ~[na:na]
storks-matching-intelligence  | 	at org.hibernate.tool.schema.spi.SchemaManagementToolCoordinator.process(SchemaManagementToolCoordinator.java:141) ~[hibernate-core-6.6.13.Final.jar!/:6.6.13.Final]
storks-matching-intelligence  | 	at org.hibernate.boot.internal.SessionFactoryObserverForSchemaExport.sessionFactoryCreated(SessionFactoryObserverForSchemaExport.java:37) ~[hibernate-core-6.6.13.Final.jar!/:6.6.13.Final]
storks-matching-intelligence  | 	at org.hibernate.internal.SessionFactoryObserverChain.sessionFactoryCreated(SessionFactoryObserverChain.java:35) ~[hibernate-core-6.6.13.Final.jar!/:6.6.13.Final]
storks-matching-intelligence  | 	at org.hibernate.internal.SessionFactoryImpl.<init>(SessionFactoryImpl.java:324) ~[hibernate-core-6.6.13.Final.jar!/:6.6.13.Final]
storks-matching-intelligence  | 	at org.hibernate.boot.internal.SessionFactoryBuilderImpl.build(SessionFactoryBuilderImpl.java:463) ~[hibernate-core-6.6.13.Final.jar!/:6.6.13.Final]
storks-matching-intelligence  | 	at org.hibernate.jpa.boot.internal.EntityManagerFactoryBuilderImpl.build(EntityManagerFactoryBuilderImpl.java:1517) ~[hibernate-core-6.6.13.Final.jar!/:6.6.13.Final]
storks-matching-intelligence  | 	at org.springframework.orm.jpa.vendor.SpringHibernateJpaPersistenceProvider.createContainerEntityManagerFactory(SpringHibernateJpaPersistenceProvider.java:66) ~[spring-orm-6.2.6.jar!/:6.2.6]
storks-matching-intelligence  | 	at org.springframework.orm.jpa.LocalContainerEntityManagerFactoryBean.createNativeEntityManagerFactory(LocalContainerEntityManagerFactoryBean.java:390) ~[spring-orm-6.2.6.jar!/:6.2.6]
storks-matching-intelligence  | 	at org.springframework.orm.jpa.AbstractEntityManagerFactoryBean.buildNativeEntityManagerFactory(AbstractEntityManagerFactoryBean.java:419) ~[spring-orm-6.2.6.jar!/:6.2.6]
storks-matching-intelligence  | 	at org.springframework.orm.jpa.AbstractEntityManagerFactoryBean.afterPropertiesSet(AbstractEntityManagerFactoryBean.java:400) ~[spring-orm-6.2.6.jar!/:6.2.6]
storks-matching-intelligence  | 	at org.springframework.orm.jpa.LocalContainerEntityManagerFactoryBean.afterPropertiesSet(LocalContainerEntityManagerFactoryBean.java:366) ~[spring-orm-6.2.6.jar!/:6.2.6]
storks-matching-intelligence  | 	at org.springframework.beans.factory.support.AbstractAutowireCapableBeanFactory.invokeInitMethods(AbstractAutowireCapableBeanFactory.java:1865) ~[spring-beans-6.2.6.jar!/:6.2.6]
storks-matching-intelligence  | 	at org.springframework.beans.factory.support.AbstractAutowireCapableBeanFactory.initializeBean(AbstractAutowireCapableBeanFactory.java:1814) ~[spring-beans-6.2.6.jar!/:6.2.6]
storks-matching-intelligence  | 	at org.springframework.beans.factory.support.AbstractAutowireCapableBeanFactory.doCreateBean(AbstractAutowireCapableBeanFactory.java:607) ~[spring-beans-6.2.6.jar!/:6.2.6]
storks-matching-intelligence  | 	at org.springframework.beans.factory.support.AbstractAutowireCapableBeanFactory.createBean(AbstractAutowireCapableBeanFactory.java:529) ~[spring-beans-6.2.6.jar!/:6.2.6]
storks-matching-intelligence  | 	at org.springframework.beans.factory.support.AbstractBeanFactory.lambda$doGetBean$0(AbstractBeanFactory.java:339) ~[spring-beans-6.2.6.jar!/:6.2.6]
storks-matching-intelligence  | 	at org.springframework.beans.factory.support.DefaultSingletonBeanRegistry.getSingleton(DefaultSingletonBeanRegistry.java:371) ~[spring-beans-6.2.6.jar!/:6.2.6]
storks-matching-intelligence  | 	at org.springframework.beans.factory.support.AbstractBeanFactory.doGetBean(AbstractBeanFactory.java:337) ~[spring-beans-6.2.6.jar!/:6.2.6]
storks-matching-intelligence  | 	at org.springframework.beans.factory.support.AbstractBeanFactory.getBean(AbstractBeanFactory.java:207) ~[spring-beans-6.2.6.jar!/:6.2.6]
storks-matching-intelligence  | 	at org.springframework.context.support.AbstractApplicationContext.finishBeanFactoryInitialization(AbstractApplicationContext.java:970) ~[spring-context-6.2.6.jar!/:6.2.6]
storks-matching-intelligence  | 	at org.springframework.context.support.AbstractApplicationContext.refresh(AbstractApplicationContext.java:627) ~[spring-context-6.2.6.jar!/:6.2.6]
storks-matching-intelligence  | 	at org.springframework.boot.web.servlet.context.ServletWebServerApplicationContext.refresh(ServletWebServerApplicationContext.java:146) ~[spring-boot-3.4.5.jar!/:3.4.5]
storks-matching-intelligence  | 	at org.springframework.boot.SpringApplication.refresh(SpringApplication.java:753) ~[spring-boot-3.4.5.jar!/:3.4.5]
storks-matching-intelligence  | 	at org.springframework.boot.SpringApplication.refreshContext(SpringApplication.java:439) ~[spring-boot-3.4.5.jar!/:3.4.5]
storks-matching-intelligence  | 	at org.springframework.boot.SpringApplication.run(SpringApplication.java:318) ~[spring-boot-3.4.5.jar!/:3.4.5]
storks-matching-intelligence  | 	at org.springframework.boot.SpringApplication.run(SpringApplication.java:1362) ~[spring-boot-3.4.5.jar!/:3.4.5]
storks-matching-intelligence  | 	at org.springframework.boot.SpringApplication.run(SpringApplication.java:1351) ~[spring-boot-3.4.5.jar!/:3.4.5]
storks-matching-intelligence  | 	at com.storks.matching.MatchingIntelligenceApplication.main(MatchingIntelligenceApplication.java:13) ~[!/:0.0.1-SNAPSHOT]
storks-matching-intelligence  | 	at java.base/jdk.internal.reflect.DirectMethodHandleAccessor.invoke(Unknown Source) ~[na:na]
storks-matching-intelligence  | 	at java.base/java.lang.reflect.Method.invoke(Unknown Source) ~[na:na]
storks-matching-intelligence  | 	at org.springframework.boot.loader.launch.Launcher.launch(Launcher.java:102) ~[app.jar:0.0.1-SNAPSHOT]
storks-matching-intelligence  | 	at org.springframework.boot.loader.launch.Launcher.launch(Launcher.java:64) ~[app.jar:0.0.1-SNAPSHOT]
storks-matching-intelligence  | 	at org.springframework.boot.loader.launch.JarLauncher.main(JarLauncher.java:40) ~[app.jar:0.0.1-SNAPSHOT]
storks-matching-intelligence  | Caused by: org.postgresql.util.PSQLException: ERROR: identity column type must be smallint, integer, or bigint
storks-matching-intelligence  | 	at org.postgresql.core.v3.QueryExecutorImpl.receiveErrorResponse(QueryExecutorImpl.java:2733) ~[postgresql-42.7.5.jar!/:42.7.5]
storks-matching-intelligence  | 	at org.postgresql.core.v3.QueryExecutorImpl.processResults(QueryExecutorImpl.java:2420) ~[postgresql-42.7.5.jar!/:42.7.5]
storks-matching-intelligence  | 	at org.postgresql.core.v3.QueryExecutorImpl.execute(QueryExecutorImpl.java:372) ~[postgresql-42.7.5.jar!/:42.7.5]
storks-matching-intelligence  | 	at org.postgresql.jdbc.PgStatement.executeInternal(PgStatement.java:517) ~[postgresql-42.7.5.jar!/:42.7.5]
storks-matching-intelligence  | 	at org.postgresql.jdbc.PgStatement.execute(PgStatement.java:434) ~[postgresql-42.7.5.jar!/:42.7.5]
storks-matching-intelligence  | 	at org.postgresql.jdbc.PgStatement.executeWithFlags(PgStatement.java:356) ~[postgresql-42.7.5.jar!/:42.7.5]
storks-matching-intelligence  | 	at org.postgresql.jdbc.PgStatement.executeCachedSql(PgStatement.java:341) ~[postgresql-42.7.5.jar!/:42.7.5]
storks-matching-intelligence  | 	at org.postgresql.jdbc.PgStatement.executeWithFlags(PgStatement.java:317) ~[postgresql-42.7.5.jar!/:42.7.5]
storks-matching-intelligence  | 	at org.postgresql.jdbc.PgStatement.execute(PgStatement.java:312) ~[postgresql-42.7.5.jar!/:42.7.5]
storks-matching-intelligence  | 	at com.zaxxer.hikari.pool.ProxyStatement.execute(ProxyStatement.java:94) ~[HikariCP-5.1.0.jar!/:na]
storks-matching-intelligence  | 	at com.zaxxer.hikari.pool.HikariProxyStatement.execute(HikariProxyStatement.java) ~[HikariCP-5.1.0.jar!/:na]
storks-matching-intelligence  | 	at org.hibernate.tool.schema.internal.exec.GenerationTargetToDatabase.accept(GenerationTargetToDatabase.java:80) ~[hibernate-core-6.6.13.Final.jar!/:6.6.13.Final]
storks-matching-intelligence  | 	... 42 common frames omitted
storks-matching-intelligence  | 
storks-user-service           | 2026-04-11T12:17:49.536Z  WARN 1 --- [user-service] [           main] JpaBaseConfiguration$JpaWebConfiguration : spring.jpa.open-in-view is enabled by default. Therefore, database queries may be performed during view rendering. Explicitly configure spring.jpa.open-in-view to disable this warning
storks-kafka-ui               | 2026-04-11T12:17:49.889Z  WARN 1 --- [     parallel-3] o.a.l.i.v.VectorizationProvider          : Java vector incubator module is not readable. For optimal vector performance, pass '--add-modules jdk.incubator.vector' to enable Vector API.
storks-kafka-ui               | 2026-04-11T12:17:50.600Z DEBUG 1 --- [     parallel-3] i.k.u.s.m.s.i.InferredMetricsScraper     : 13 metric families inferred from cluster state
storks-kafka-ui               | 2026-04-11T12:17:50.605Z DEBUG 1 --- [     parallel-3] i.k.u.s.ClustersStatisticsScheduler      : Metrics updated for cluster: local
storks-user-service           | 2026-04-11T12:17:51.323Z  INFO 1 --- [user-service] [           main] o.s.b.a.e.web.EndpointLinksResolver      : Exposing 3 endpoints beneath base path '/actuator'
storks-user-service           | 2026-04-11T12:17:53.364Z  INFO 1 --- [user-service] [           main] o.s.b.w.embedded.tomcat.TomcatWebServer  : Tomcat started on port 8083 (http) with context path '/'
storks-user-service           | 2026-04-11T12:17:53.381Z  INFO 1 --- [user-service] [           main] c.s.userservice.UserServiceApplication   : Started UserServiceApplication in 41.378 seconds (process running for 48.189)
storks-admin-service          | 2026-04-11T12:17:57.361Z  INFO 1 --- [admin-service-java] [           main] j.LocalContainerEntityManagerFactoryBean : Initialized JPA EntityManagerFactory for persistence unit 'default'
storks-matching-intelligence  | 2026-04-11T12:17:57.710Z  INFO 1 --- [matching-intelligence] [           main] j.LocalContainerEntityManagerFactoryBean : Initialized JPA EntityManagerFactory for persistence unit 'default'
storks-live-messaging         | 2026-04-11T12:17:58.088Z  INFO 1 --- [live-messaging] [           main] j.LocalContainerEntityManagerFactoryBean : Initialized JPA EntityManagerFactory for persistence unit 'default'
storks-admin-service          | 2026-04-11T12:17:58.305Z  WARN 1 --- [admin-service-java] [           main] JpaBaseConfiguration$JpaWebConfiguration : spring.jpa.open-in-view is enabled by default. Therefore, database queries may be performed during view rendering. Explicitly configure spring.jpa.open-in-view to disable this warning
storks-booking-service        | 2026-04-11T12:17:58.435Z  INFO 1 --- [booking-and-payment] [           main] j.LocalContainerEntityManagerFactoryBean : Initialized JPA EntityManagerFactory for persistence unit 'default'
storks-booking-service        | 2026-04-11T12:17:59.758Z  INFO 1 --- [booking-and-payment] [           main] o.s.d.j.r.query.QueryEnhancerFactory     : Hibernate is in classpath; If applicable, HQL parser will be used.
storks-admin-service          | 2026-04-11T12:18:00.071Z  INFO 1 --- [admin-service-java] [           main] o.s.b.a.e.web.EndpointLinksResolver      : Exposing 3 endpoints beneath base path '/actuator'
storks-live-messaging         | 2026-04-11T12:17:59.484Z  INFO 1 --- [live-messaging] [           main] o.s.d.j.r.query.QueryEnhancerFactory     : Hibernate is in classpath; If applicable, HQL parser will be used.
storks-matching-intelligence  | 2026-04-11T12:17:59.357Z  WARN 1 --- [matching-intelligence] [           main] JpaBaseConfiguration$JpaWebConfiguration : spring.jpa.open-in-view is enabled by default. Therefore, database queries may be performed during view rendering. Explicitly configure spring.jpa.open-in-view to disable this warning
storks-matching-intelligence  | 2026-04-11T12:18:01.231Z  INFO 1 --- [matching-intelligence] [           main] o.s.b.a.e.web.EndpointLinksResolver      : Exposing 3 endpoints beneath base path '/actuator'
storks-admin-service          | 2026-04-11T12:18:01.629Z  INFO 1 --- [admin-service-java] [           main] o.s.b.w.embedded.tomcat.TomcatWebServer  : Tomcat started on port 8085 (http) with context path '/'
storks-admin-service          | 2026-04-11T12:18:01.702Z  INFO 1 --- [admin-service-java] [           main] c.s.admin.AdminAndAnalyticsApplication   : Started AdminAndAnalyticsApplication in 50.262 seconds (process running for 58.815)
storks-booking-service        | 2026-04-11T12:18:02.599Z  WARN 1 --- [booking-and-payment] [           main] JpaBaseConfiguration$JpaWebConfiguration : spring.jpa.open-in-view is enabled by default. Therefore, database queries may be performed during view rendering. Explicitly configure spring.jpa.open-in-view to disable this warning
storks-matching-intelligence  | 2026-04-11T12:18:03.563Z  INFO 1 --- [matching-intelligence] [           main] o.s.b.w.embedded.tomcat.TomcatWebServer  : Tomcat started on port 8084 (http) with context path '/'
storks-matching-intelligence  | 2026-04-11T12:18:03.670Z  INFO 1 --- [matching-intelligence] [           main] o.a.k.clients.consumer.ConsumerConfig    : ConsumerConfig values: 
storks-matching-intelligence  | 	allow.auto.create.topics = true
storks-matching-intelligence  | 	auto.commit.interval.ms = 5000
storks-matching-intelligence  | 	auto.include.jmx.reporter = true
storks-matching-intelligence  | 	auto.offset.reset = latest
storks-matching-intelligence  | 	bootstrap.servers = [kafka:9092]
storks-matching-intelligence  | 	check.crcs = true
storks-matching-intelligence  | 	client.dns.lookup = use_all_dns_ips
storks-matching-intelligence  | 	client.id = consumer-matching-service-group-1
storks-matching-intelligence  | 	client.rack = 
storks-matching-intelligence  | 	connections.max.idle.ms = 540000
storks-matching-intelligence  | 	default.api.timeout.ms = 60000
storks-matching-intelligence  | 	enable.auto.commit = false
storks-matching-intelligence  | 	enable.metrics.push = true
storks-matching-intelligence  | 	exclude.internal.topics = true
storks-matching-intelligence  | 	fetch.max.bytes = 52428800
storks-matching-intelligence  | 	fetch.max.wait.ms = 500
storks-matching-intelligence  | 	fetch.min.bytes = 1
storks-matching-intelligence  | 	group.id = matching-service-group
storks-matching-intelligence  | 	group.instance.id = null
storks-matching-intelligence  | 	group.protocol = classic
storks-matching-intelligence  | 	group.remote.assignor = null
storks-matching-intelligence  | 	heartbeat.interval.ms = 3000
storks-matching-intelligence  | 	interceptor.classes = []
storks-matching-intelligence  | 	internal.leave.group.on.close = true
storks-matching-intelligence  | 	internal.throw.on.fetch.stable.offset.unsupported = false
storks-matching-intelligence  | 	isolation.level = read_uncommitted
storks-matching-intelligence  | 	key.deserializer = class org.apache.kafka.common.serialization.StringDeserializer
storks-matching-intelligence  | 	max.partition.fetch.bytes = 1048576
storks-matching-intelligence  | 	max.poll.interval.ms = 300000
storks-matching-intelligence  | 	max.poll.records = 500
storks-matching-intelligence  | 	metadata.max.age.ms = 300000
storks-matching-intelligence  | 	metadata.recovery.strategy = none
storks-matching-intelligence  | 	metric.reporters = []
storks-matching-intelligence  | 	metrics.num.samples = 2
storks-matching-intelligence  | 	metrics.recording.level = INFO
storks-matching-intelligence  | 	metrics.sample.window.ms = 30000
storks-matching-intelligence  | 	partition.assignment.strategy = [class org.apache.kafka.clients.consumer.RangeAssignor, class org.apache.kafka.clients.consumer.CooperativeStickyAssignor]
storks-matching-intelligence  | 	receive.buffer.bytes = 65536
storks-matching-intelligence  | 	reconnect.backoff.max.ms = 1000
storks-matching-intelligence  | 	reconnect.backoff.ms = 50
storks-matching-intelligence  | 	request.timeout.ms = 30000
storks-matching-intelligence  | 	retry.backoff.max.ms = 1000
storks-matching-intelligence  | 	retry.backoff.ms = 100
storks-matching-intelligence  | 	sasl.client.callback.handler.class = null
storks-matching-intelligence  | 	sasl.jaas.config = null
storks-matching-intelligence  | 	sasl.kerberos.kinit.cmd = /usr/bin/kinit
storks-matching-intelligence  | 	sasl.kerberos.min.time.before.relogin = 60000
storks-matching-intelligence  | 	sasl.kerberos.service.name = null
storks-matching-intelligence  | 	sasl.kerberos.ticket.renew.jitter = 0.05
storks-matching-intelligence  | 	sasl.kerberos.ticket.renew.window.factor = 0.8
storks-matching-intelligence  | 	sasl.login.callback.handler.class = null
storks-matching-intelligence  | 	sasl.login.class = null
storks-matching-intelligence  | 	sasl.login.connect.timeout.ms = null
storks-matching-intelligence  | 	sasl.login.read.timeout.ms = null
storks-matching-intelligence  | 	sasl.login.refresh.buffer.seconds = 300
storks-matching-intelligence  | 	sasl.login.refresh.min.period.seconds = 60
storks-matching-intelligence  | 	sasl.login.refresh.window.factor = 0.8
storks-matching-intelligence  | 	sasl.login.refresh.window.jitter = 0.05
storks-matching-intelligence  | 	sasl.login.retry.backoff.max.ms = 10000
storks-matching-intelligence  | 	sasl.login.retry.backoff.ms = 100
storks-matching-intelligence  | 	sasl.mechanism = GSSAPI
storks-matching-intelligence  | 	sasl.oauthbearer.clock.skew.seconds = 30
storks-matching-intelligence  | 	sasl.oauthbearer.expected.audience = null
storks-matching-intelligence  | 	sasl.oauthbearer.expected.issuer = null
storks-matching-intelligence  | 	sasl.oauthbearer.jwks.endpoint.refresh.ms = 3600000
storks-matching-intelligence  | 	sasl.oauthbearer.jwks.endpoint.retry.backoff.max.ms = 10000
storks-matching-intelligence  | 	sasl.oauthbearer.jwks.endpoint.retry.backoff.ms = 100
storks-matching-intelligence  | 	sasl.oauthbearer.jwks.endpoint.url = null
storks-matching-intelligence  | 	sasl.oauthbearer.scope.claim.name = scope
storks-matching-intelligence  | 	sasl.oauthbearer.sub.claim.name = sub
storks-matching-intelligence  | 	sasl.oauthbearer.token.endpoint.url = null
storks-matching-intelligence  | 	security.protocol = PLAINTEXT
storks-matching-intelligence  | 	security.providers = null
storks-matching-intelligence  | 	send.buffer.bytes = 131072
storks-matching-intelligence  | 	session.timeout.ms = 45000
storks-matching-intelligence  | 	socket.connection.setup.timeout.max.ms = 30000
storks-matching-intelligence  | 	socket.connection.setup.timeout.ms = 10000
storks-matching-intelligence  | 	ssl.cipher.suites = null
storks-matching-intelligence  | 	ssl.enabled.protocols = [TLSv1.2, TLSv1.3]
storks-matching-intelligence  | 	ssl.endpoint.identification.algorithm = https
storks-matching-intelligence  | 	ssl.engine.factory.class = null
storks-matching-intelligence  | 	ssl.key.password = null
storks-matching-intelligence  | 	ssl.keymanager.algorithm = SunX509
storks-matching-intelligence  | 	ssl.keystore.certificate.chain = null
storks-matching-intelligence  | 	ssl.keystore.key = null
storks-matching-intelligence  | 	ssl.keystore.location = null
storks-matching-intelligence  | 	ssl.keystore.password = null
storks-matching-intelligence  | 	ssl.keystore.type = JKS
storks-matching-intelligence  | 	ssl.protocol = TLSv1.3
storks-matching-intelligence  | 	ssl.provider = null
storks-matching-intelligence  | 	ssl.secure.random.implementation = null
storks-matching-intelligence  | 	ssl.trustmanager.algorithm = PKIX
storks-matching-intelligence  | 	ssl.truststore.certificates = null
storks-matching-intelligence  | 	ssl.truststore.location = null
storks-matching-intelligence  | 	ssl.truststore.password = null
storks-matching-intelligence  | 	ssl.truststore.type = JKS
storks-matching-intelligence  | 	value.deserializer = class org.springframework.kafka.support.serializer.JsonDeserializer
storks-matching-intelligence  | 
storks-booking-service        | 2026-04-11T12:18:03.712Z  INFO 1 --- [booking-and-payment] [           main] o.s.b.a.e.web.EndpointLinksResolver      : Exposing 3 endpoints beneath base path '/actuator'
storks-matching-intelligence  | 2026-04-11T12:18:03.791Z  INFO 1 --- [matching-intelligence] [           main] o.a.k.c.t.i.KafkaMetricsCollector        : initializing Kafka metrics collector
storks-matching-intelligence  | 2026-04-11T12:18:04.310Z  INFO 1 --- [matching-intelligence] [           main] o.a.kafka.common.utils.AppInfoParser     : Kafka version: 3.8.1
storks-matching-intelligence  | 2026-04-11T12:18:04.311Z  INFO 1 --- [matching-intelligence] [           main] o.a.kafka.common.utils.AppInfoParser     : Kafka commitId: 70d6ff42debf7e17
storks-matching-intelligence  | 2026-04-11T12:18:04.317Z  INFO 1 --- [matching-intelligence] [           main] o.a.kafka.common.utils.AppInfoParser     : Kafka startTimeMs: 1775909884302
storks-matching-intelligence  | 2026-04-11T12:18:04.363Z  INFO 1 --- [matching-intelligence] [           main] o.a.k.c.c.internals.LegacyKafkaConsumer  : [Consumer clientId=consumer-matching-service-group-1, groupId=matching-service-group] Subscribed to topic(s): storks.users.sync
storks-live-messaging         | 2026-04-11T12:18:04.458Z  WARN 1 --- [live-messaging] [           main] JpaBaseConfiguration$JpaWebConfiguration : spring.jpa.open-in-view is enabled by default. Therefore, database queries may be performed during view rendering. Explicitly configure spring.jpa.open-in-view to disable this warning
storks-matching-intelligence  | 2026-04-11T12:18:04.472Z  INFO 1 --- [matching-intelligence] [           main] c.s.m.MatchingIntelligenceApplication    : Started MatchingIntelligenceApplication in 53.074 seconds (process running for 61.564)
storks-matching-intelligence  | 2026-04-11T12:18:06.283Z  INFO 1 --- [matching-intelligence] [ntainer#0-0-C-1] org.apache.kafka.clients.Metadata        : [Consumer clientId=consumer-matching-service-group-1, groupId=matching-service-group] Cluster ID: MkU3OEVBNTcwNTJENDM2Qk
storks-booking-service        | 2026-04-11T12:18:06.475Z  INFO 1 --- [booking-and-payment] [           main] o.s.b.w.embedded.tomcat.TomcatWebServer  : Tomcat started on port 8088 (http) with context path '/'
storks-booking-service        | 2026-04-11T12:18:06.634Z  INFO 1 --- [booking-and-payment] [           main] o.a.k.clients.consumer.ConsumerConfig    : ConsumerConfig values: 
storks-booking-service        | 	allow.auto.create.topics = true
storks-booking-service        | 	auto.commit.interval.ms = 5000
storks-booking-service        | 	auto.include.jmx.reporter = true
storks-booking-service        | 	auto.offset.reset = latest
storks-booking-service        | 	bootstrap.servers = [kafka:9092]
storks-booking-service        | 	check.crcs = true
storks-booking-service        | 	client.dns.lookup = use_all_dns_ips
storks-booking-service        | 	client.id = consumer-booking-service-group-1
storks-booking-service        | 	client.rack = 
storks-booking-service        | 	connections.max.idle.ms = 540000
storks-booking-service        | 	default.api.timeout.ms = 60000
storks-booking-service        | 	enable.auto.commit = false
storks-booking-service        | 	enable.metrics.push = true
storks-booking-service        | 	exclude.internal.topics = true
storks-booking-service        | 	fetch.max.bytes = 52428800
storks-booking-service        | 	fetch.max.wait.ms = 500
storks-booking-service        | 	fetch.min.bytes = 1
storks-booking-service        | 	group.id = booking-service-group
storks-booking-service        | 	group.instance.id = null
storks-booking-service        | 	group.protocol = classic
storks-booking-service        | 	group.remote.assignor = null
storks-booking-service        | 	heartbeat.interval.ms = 3000
storks-booking-service        | 	interceptor.classes = []
storks-booking-service        | 	internal.leave.group.on.close = true
storks-booking-service        | 	internal.throw.on.fetch.stable.offset.unsupported = false
storks-booking-service        | 	isolation.level = read_uncommitted
storks-booking-service        | 	key.deserializer = class org.apache.kafka.common.serialization.StringDeserializer
storks-booking-service        | 	max.partition.fetch.bytes = 1048576
storks-booking-service        | 	max.poll.interval.ms = 300000
storks-booking-service        | 	max.poll.records = 500
storks-booking-service        | 	metadata.max.age.ms = 300000
storks-booking-service        | 	metadata.recovery.strategy = none
storks-booking-service        | 	metric.reporters = []
storks-booking-service        | 	metrics.num.samples = 2
storks-booking-service        | 	metrics.recording.level = INFO
storks-booking-service        | 	metrics.sample.window.ms = 30000
storks-booking-service        | 	partition.assignment.strategy = [class org.apache.kafka.clients.consumer.RangeAssignor, class org.apache.kafka.clients.consumer.CooperativeStickyAssignor]
storks-booking-service        | 	receive.buffer.bytes = 65536
storks-booking-service        | 	reconnect.backoff.max.ms = 1000
storks-booking-service        | 	reconnect.backoff.ms = 50
storks-booking-service        | 	request.timeout.ms = 30000
storks-booking-service        | 	retry.backoff.max.ms = 1000
storks-booking-service        | 	retry.backoff.ms = 100
storks-booking-service        | 	sasl.client.callback.handler.class = null
storks-booking-service        | 	sasl.jaas.config = null
storks-booking-service        | 	sasl.kerberos.kinit.cmd = /usr/bin/kinit
storks-booking-service        | 	sasl.kerberos.min.time.before.relogin = 60000
storks-booking-service        | 	sasl.kerberos.service.name = null
storks-booking-service        | 	sasl.kerberos.ticket.renew.jitter = 0.05
storks-booking-service        | 	sasl.kerberos.ticket.renew.window.factor = 0.8
storks-booking-service        | 	sasl.login.callback.handler.class = null
storks-booking-service        | 	sasl.login.class = null
storks-booking-service        | 	sasl.login.connect.timeout.ms = null
storks-booking-service        | 	sasl.login.read.timeout.ms = null
storks-booking-service        | 	sasl.login.refresh.buffer.seconds = 300
storks-booking-service        | 	sasl.login.refresh.min.period.seconds = 60
storks-booking-service        | 	sasl.login.refresh.window.factor = 0.8
storks-booking-service        | 	sasl.login.refresh.window.jitter = 0.05
storks-booking-service        | 	sasl.login.retry.backoff.max.ms = 10000
storks-booking-service        | 	sasl.login.retry.backoff.ms = 100
storks-booking-service        | 	sasl.mechanism = GSSAPI
storks-booking-service        | 	sasl.oauthbearer.clock.skew.seconds = 30
storks-booking-service        | 	sasl.oauthbearer.expected.audience = null
storks-booking-service        | 	sasl.oauthbearer.expected.issuer = null
storks-booking-service        | 	sasl.oauthbearer.jwks.endpoint.refresh.ms = 3600000
storks-booking-service        | 	sasl.oauthbearer.jwks.endpoint.retry.backoff.max.ms = 10000
storks-booking-service        | 	sasl.oauthbearer.jwks.endpoint.retry.backoff.ms = 100
storks-booking-service        | 	sasl.oauthbearer.jwks.endpoint.url = null
storks-booking-service        | 	sasl.oauthbearer.scope.claim.name = scope
storks-booking-service        | 	sasl.oauthbearer.sub.claim.name = sub
storks-booking-service        | 	sasl.oauthbearer.token.endpoint.url = null
storks-booking-service        | 	security.protocol = PLAINTEXT
storks-booking-service        | 	security.providers = null
storks-booking-service        | 	send.buffer.bytes = 131072
storks-booking-service        | 	session.timeout.ms = 45000
storks-booking-service        | 	socket.connection.setup.timeout.max.ms = 30000
storks-booking-service        | 	socket.connection.setup.timeout.ms = 10000
storks-booking-service        | 	ssl.cipher.suites = null
storks-booking-service        | 	ssl.enabled.protocols = [TLSv1.2, TLSv1.3]
storks-booking-service        | 	ssl.endpoint.identification.algorithm = https
storks-booking-service        | 	ssl.engine.factory.class = null
storks-booking-service        | 	ssl.key.password = null
storks-booking-service        | 	ssl.keymanager.algorithm = SunX509
storks-booking-service        | 	ssl.keystore.certificate.chain = null
storks-booking-service        | 	ssl.keystore.key = null
storks-booking-service        | 	ssl.keystore.location = null
storks-booking-service        | 	ssl.keystore.password = null
storks-booking-service        | 	ssl.keystore.type = JKS
storks-booking-service        | 	ssl.protocol = TLSv1.3
storks-booking-service        | 	ssl.provider = null
storks-booking-service        | 	ssl.secure.random.implementation = null
storks-booking-service        | 	ssl.trustmanager.algorithm = PKIX
storks-booking-service        | 	ssl.truststore.certificates = null
storks-booking-service        | 	ssl.truststore.location = null
storks-booking-service        | 	ssl.truststore.password = null
storks-booking-service        | 	ssl.truststore.type = JKS
storks-booking-service        | 	value.deserializer = class org.springframework.kafka.support.serializer.JsonDeserializer
storks-booking-service        | 
storks-booking-service        | 2026-04-11T12:18:06.856Z  INFO 1 --- [booking-and-payment] [           main] o.a.k.c.t.i.KafkaMetricsCollector        : initializing Kafka metrics collector
storks-booking-service        | 2026-04-11T12:18:07.430Z  INFO 1 --- [booking-and-payment] [           main] o.a.kafka.common.utils.AppInfoParser     : Kafka version: 3.8.1
storks-booking-service        | 2026-04-11T12:18:07.431Z  INFO 1 --- [booking-and-payment] [           main] o.a.kafka.common.utils.AppInfoParser     : Kafka commitId: 70d6ff42debf7e17
storks-booking-service        | 2026-04-11T12:18:07.431Z  INFO 1 --- [booking-and-payment] [           main] o.a.kafka.common.utils.AppInfoParser     : Kafka startTimeMs: 1775909887425
storks-booking-service        | 2026-04-11T12:18:07.492Z  INFO 1 --- [booking-and-payment] [           main] o.a.k.c.c.internals.LegacyKafkaConsumer  : [Consumer clientId=consumer-booking-service-group-1, groupId=booking-service-group] Subscribed to topic(s): storks.users.sync
storks-booking-service        | 2026-04-11T12:18:07.575Z  INFO 1 --- [booking-and-payment] [           main] o.a.k.clients.consumer.ConsumerConfig    : ConsumerConfig values: 
storks-booking-service        | 	allow.auto.create.topics = true
storks-booking-service        | 	auto.commit.interval.ms = 5000
storks-booking-service        | 	auto.include.jmx.reporter = true
storks-booking-service        | 	auto.offset.reset = latest
storks-booking-service        | 	bootstrap.servers = [kafka:9092]
storks-booking-service        | 	check.crcs = true
storks-booking-service        | 	client.dns.lookup = use_all_dns_ips
storks-booking-service        | 	client.id = consumer-booking-service-group-2
storks-booking-service        | 	client.rack = 
storks-booking-service        | 	connections.max.idle.ms = 540000
storks-booking-service        | 	default.api.timeout.ms = 60000
storks-booking-service        | 	enable.auto.commit = false
storks-booking-service        | 	enable.metrics.push = true
storks-booking-service        | 	exclude.internal.topics = true
storks-booking-service        | 	fetch.max.bytes = 52428800
storks-booking-service        | 	fetch.max.wait.ms = 500
storks-booking-service        | 	fetch.min.bytes = 1
storks-booking-service        | 	group.id = booking-service-group
storks-booking-service        | 	group.instance.id = null
storks-booking-service        | 	group.protocol = classic
storks-booking-service        | 	group.remote.assignor = null
storks-booking-service        | 	heartbeat.interval.ms = 3000
storks-booking-service        | 	interceptor.classes = []
storks-booking-service        | 	internal.leave.group.on.close = true
storks-booking-service        | 	internal.throw.on.fetch.stable.offset.unsupported = false
storks-booking-service        | 	isolation.level = read_uncommitted
storks-booking-service        | 	key.deserializer = class org.apache.kafka.common.serialization.StringDeserializer
storks-booking-service        | 	max.partition.fetch.bytes = 1048576
storks-booking-service        | 	max.poll.interval.ms = 300000
storks-booking-service        | 	max.poll.records = 500
storks-booking-service        | 	metadata.max.age.ms = 300000
storks-booking-service        | 	metadata.recovery.strategy = none
storks-booking-service        | 	metric.reporters = []
storks-booking-service        | 	metrics.num.samples = 2
storks-booking-service        | 	metrics.recording.level = INFO
storks-booking-service        | 	metrics.sample.window.ms = 30000
storks-booking-service        | 	partition.assignment.strategy = [class org.apache.kafka.clients.consumer.RangeAssignor, class org.apache.kafka.clients.consumer.CooperativeStickyAssignor]
storks-booking-service        | 	receive.buffer.bytes = 65536
storks-booking-service        | 	reconnect.backoff.max.ms = 1000
storks-booking-service        | 	reconnect.backoff.ms = 50
storks-booking-service        | 	request.timeout.ms = 30000
storks-booking-service        | 	retry.backoff.max.ms = 1000
storks-booking-service        | 	retry.backoff.ms = 100
storks-booking-service        | 	sasl.client.callback.handler.class = null
storks-booking-service        | 	sasl.jaas.config = null
storks-booking-service        | 	sasl.kerberos.kinit.cmd = /usr/bin/kinit
storks-booking-service        | 	sasl.kerberos.min.time.before.relogin = 60000
storks-booking-service        | 	sasl.kerberos.service.name = null
storks-booking-service        | 	sasl.kerberos.ticket.renew.jitter = 0.05
storks-booking-service        | 	sasl.kerberos.ticket.renew.window.factor = 0.8
storks-booking-service        | 	sasl.login.callback.handler.class = null
storks-booking-service        | 	sasl.login.class = null
storks-booking-service        | 	sasl.login.connect.timeout.ms = null
storks-booking-service        | 	sasl.login.read.timeout.ms = null
storks-booking-service        | 	sasl.login.refresh.buffer.seconds = 300
storks-booking-service        | 	sasl.login.refresh.min.period.seconds = 60
storks-booking-service        | 	sasl.login.refresh.window.factor = 0.8
storks-booking-service        | 	sasl.login.refresh.window.jitter = 0.05
storks-booking-service        | 	sasl.login.retry.backoff.max.ms = 10000
storks-booking-service        | 	sasl.login.retry.backoff.ms = 100
storks-booking-service        | 	sasl.mechanism = GSSAPI
storks-booking-service        | 	sasl.oauthbearer.clock.skew.seconds = 30
storks-booking-service        | 	sasl.oauthbearer.expected.audience = null
storks-booking-service        | 	sasl.oauthbearer.expected.issuer = null
storks-booking-service        | 	sasl.oauthbearer.jwks.endpoint.refresh.ms = 3600000
storks-booking-service        | 	sasl.oauthbearer.jwks.endpoint.retry.backoff.max.ms = 10000
storks-booking-service        | 	sasl.oauthbearer.jwks.endpoint.retry.backoff.ms = 100
storks-booking-service        | 	sasl.oauthbearer.jwks.endpoint.url = null
storks-booking-service        | 	sasl.oauthbearer.scope.claim.name = scope
storks-booking-service        | 	sasl.oauthbearer.sub.claim.name = sub
storks-booking-service        | 	sasl.oauthbearer.token.endpoint.url = null
storks-booking-service        | 	security.protocol = PLAINTEXT
storks-booking-service        | 	security.providers = null
storks-booking-service        | 	send.buffer.bytes = 131072
storks-booking-service        | 	session.timeout.ms = 45000
storks-booking-service        | 	socket.connection.setup.timeout.max.ms = 30000
storks-booking-service        | 	socket.connection.setup.timeout.ms = 10000
storks-booking-service        | 	ssl.cipher.suites = null
storks-booking-service        | 	ssl.enabled.protocols = [TLSv1.2, TLSv1.3]
storks-booking-service        | 	ssl.endpoint.identification.algorithm = https
storks-booking-service        | 	ssl.engine.factory.class = null
storks-booking-service        | 	ssl.key.password = null
storks-booking-service        | 	ssl.keymanager.algorithm = SunX509
storks-booking-service        | 	ssl.keystore.certificate.chain = null
storks-booking-service        | 	ssl.keystore.key = null
storks-booking-service        | 	ssl.keystore.location = null
storks-booking-service        | 	ssl.keystore.password = null
storks-booking-service        | 	ssl.keystore.type = JKS
storks-booking-service        | 	ssl.protocol = TLSv1.3
storks-booking-service        | 	ssl.provider = null
storks-booking-service        | 	ssl.secure.random.implementation = null
storks-booking-service        | 	ssl.trustmanager.algorithm = PKIX
storks-booking-service        | 	ssl.truststore.certificates = null
storks-booking-service        | 	ssl.truststore.location = null
storks-booking-service        | 	ssl.truststore.password = null
storks-booking-service        | 	ssl.truststore.type = JKS
storks-booking-service        | 	value.deserializer = class org.springframework.kafka.support.serializer.JsonDeserializer
storks-booking-service        | 
storks-booking-service        | 2026-04-11T12:18:07.576Z  INFO 1 --- [booking-and-payment] [           main] o.a.k.c.t.i.KafkaMetricsCollector        : initializing Kafka metrics collector
storks-booking-service        | 2026-04-11T12:18:07.669Z  INFO 1 --- [booking-and-payment] [           main] o.a.kafka.common.utils.AppInfoParser     : Kafka version: 3.8.1
storks-booking-service        | 2026-04-11T12:18:07.670Z  INFO 1 --- [booking-and-payment] [           main] o.a.kafka.common.utils.AppInfoParser     : Kafka commitId: 70d6ff42debf7e17
storks-booking-service        | 2026-04-11T12:18:07.670Z  INFO 1 --- [booking-and-payment] [           main] o.a.kafka.common.utils.AppInfoParser     : Kafka startTimeMs: 1775909887669
storks-booking-service        | 2026-04-11T12:18:07.733Z  INFO 1 --- [booking-and-payment] [           main] o.a.k.c.c.internals.LegacyKafkaConsumer  : [Consumer clientId=consumer-booking-service-group-2, groupId=booking-service-group] Subscribed to topic(s): storks.matching.child.sync
storks-booking-service        | 2026-04-11T12:18:07.749Z  INFO 1 --- [booking-and-payment] [           main] o.a.k.clients.consumer.ConsumerConfig    : ConsumerConfig values: 
storks-booking-service        | 	allow.auto.create.topics = true
storks-booking-service        | 	auto.commit.interval.ms = 5000
storks-booking-service        | 	auto.include.jmx.reporter = true
storks-booking-service        | 	auto.offset.reset = latest
storks-booking-service        | 	bootstrap.servers = [kafka:9092]
storks-booking-service        | 	check.crcs = true
storks-booking-service        | 	client.dns.lookup = use_all_dns_ips
storks-booking-service        | 	client.id = consumer-booking-service-group-3
storks-booking-service        | 	client.rack = 
storks-booking-service        | 	connections.max.idle.ms = 540000
storks-booking-service        | 	default.api.timeout.ms = 60000
storks-booking-service        | 	enable.auto.commit = false
storks-booking-service        | 	enable.metrics.push = true
storks-booking-service        | 	exclude.internal.topics = true
storks-booking-service        | 	fetch.max.bytes = 52428800
storks-booking-service        | 	fetch.max.wait.ms = 500
storks-booking-service        | 	fetch.min.bytes = 1
storks-booking-service        | 	group.id = booking-service-group
storks-booking-service        | 	group.instance.id = null
storks-booking-service        | 	group.protocol = classic
storks-booking-service        | 	group.remote.assignor = null
storks-booking-service        | 	heartbeat.interval.ms = 3000
storks-booking-service        | 	interceptor.classes = []
storks-booking-service        | 	internal.leave.group.on.close = true
storks-booking-service        | 	internal.throw.on.fetch.stable.offset.unsupported = false
storks-booking-service        | 	isolation.level = read_uncommitted
storks-booking-service        | 	key.deserializer = class org.apache.kafka.common.serialization.StringDeserializer
storks-booking-service        | 	max.partition.fetch.bytes = 1048576
storks-booking-service        | 	max.poll.interval.ms = 300000
storks-booking-service        | 	max.poll.records = 500
storks-booking-service        | 	metadata.max.age.ms = 300000
storks-booking-service        | 	metadata.recovery.strategy = none
storks-booking-service        | 	metric.reporters = []
storks-booking-service        | 	metrics.num.samples = 2
storks-booking-service        | 	metrics.recording.level = INFO
storks-booking-service        | 	metrics.sample.window.ms = 30000
storks-booking-service        | 	partition.assignment.strategy = [class org.apache.kafka.clients.consumer.RangeAssignor, class org.apache.kafka.clients.consumer.CooperativeStickyAssignor]
storks-booking-service        | 	receive.buffer.bytes = 65536
storks-booking-service        | 	reconnect.backoff.max.ms = 1000
storks-booking-service        | 	reconnect.backoff.ms = 50
storks-booking-service        | 	request.timeout.ms = 30000
storks-booking-service        | 	retry.backoff.max.ms = 1000
storks-booking-service        | 	retry.backoff.ms = 100
storks-booking-service        | 	sasl.client.callback.handler.class = null
storks-booking-service        | 	sasl.jaas.config = null
storks-booking-service        | 	sasl.kerberos.kinit.cmd = /usr/bin/kinit
storks-booking-service        | 	sasl.kerberos.min.time.before.relogin = 60000
storks-booking-service        | 	sasl.kerberos.service.name = null
storks-booking-service        | 	sasl.kerberos.ticket.renew.jitter = 0.05
storks-booking-service        | 	sasl.kerberos.ticket.renew.window.factor = 0.8
storks-booking-service        | 	sasl.login.callback.handler.class = null
storks-booking-service        | 	sasl.login.class = null
storks-booking-service        | 	sasl.login.connect.timeout.ms = null
storks-booking-service        | 	sasl.login.read.timeout.ms = null
storks-booking-service        | 	sasl.login.refresh.buffer.seconds = 300
storks-booking-service        | 	sasl.login.refresh.min.period.seconds = 60
storks-booking-service        | 	sasl.login.refresh.window.factor = 0.8
storks-booking-service        | 	sasl.login.refresh.window.jitter = 0.05
storks-booking-service        | 	sasl.login.retry.backoff.max.ms = 10000
storks-booking-service        | 	sasl.login.retry.backoff.ms = 100
storks-booking-service        | 	sasl.mechanism = GSSAPI
storks-booking-service        | 	sasl.oauthbearer.clock.skew.seconds = 30
storks-booking-service        | 	sasl.oauthbearer.expected.audience = null
storks-booking-service        | 	sasl.oauthbearer.expected.issuer = null
storks-booking-service        | 	sasl.oauthbearer.jwks.endpoint.refresh.ms = 3600000
storks-booking-service        | 	sasl.oauthbearer.jwks.endpoint.retry.backoff.max.ms = 10000
storks-booking-service        | 	sasl.oauthbearer.jwks.endpoint.retry.backoff.ms = 100
storks-booking-service        | 	sasl.oauthbearer.jwks.endpoint.url = null
storks-booking-service        | 	sasl.oauthbearer.scope.claim.name = scope
storks-booking-service        | 	sasl.oauthbearer.sub.claim.name = sub
storks-booking-service        | 	sasl.oauthbearer.token.endpoint.url = null
storks-booking-service        | 	security.protocol = PLAINTEXT
storks-booking-service        | 	security.providers = null
storks-booking-service        | 	send.buffer.bytes = 131072
storks-booking-service        | 	session.timeout.ms = 45000
storks-booking-service        | 	socket.connection.setup.timeout.max.ms = 30000
storks-booking-service        | 	socket.connection.setup.timeout.ms = 10000
storks-booking-service        | 	ssl.cipher.suites = null
storks-booking-service        | 	ssl.enabled.protocols = [TLSv1.2, TLSv1.3]
storks-booking-service        | 	ssl.endpoint.identification.algorithm = https
storks-booking-service        | 	ssl.engine.factory.class = null
storks-booking-service        | 	ssl.key.password = null
storks-booking-service        | 	ssl.keymanager.algorithm = SunX509
storks-booking-service        | 	ssl.keystore.certificate.chain = null
storks-booking-service        | 	ssl.keystore.key = null
storks-booking-service        | 	ssl.keystore.location = null
storks-booking-service        | 	ssl.keystore.password = null
storks-booking-service        | 	ssl.keystore.type = JKS
storks-booking-service        | 	ssl.protocol = TLSv1.3
storks-booking-service        | 	ssl.provider = null
storks-booking-service        | 	ssl.secure.random.implementation = null
storks-booking-service        | 	ssl.trustmanager.algorithm = PKIX
storks-booking-service        | 	ssl.truststore.certificates = null
storks-booking-service        | 	ssl.truststore.location = null
storks-booking-service        | 	ssl.truststore.password = null
storks-booking-service        | 	ssl.truststore.type = JKS
storks-booking-service        | 	value.deserializer = class org.springframework.kafka.support.serializer.JsonDeserializer
storks-booking-service        | 
storks-booking-service        | 2026-04-11T12:18:07.750Z  INFO 1 --- [booking-and-payment] [           main] o.a.k.c.t.i.KafkaMetricsCollector        : initializing Kafka metrics collector
storks-booking-service        | 2026-04-11T12:18:07.807Z  INFO 1 --- [booking-and-payment] [           main] o.a.kafka.common.utils.AppInfoParser     : Kafka version: 3.8.1
storks-booking-service        | 2026-04-11T12:18:07.808Z  INFO 1 --- [booking-and-payment] [           main] o.a.kafka.common.utils.AppInfoParser     : Kafka commitId: 70d6ff42debf7e17
storks-booking-service        | 2026-04-11T12:18:07.808Z  INFO 1 --- [booking-and-payment] [           main] o.a.kafka.common.utils.AppInfoParser     : Kafka startTimeMs: 1775909887807
storks-booking-service        | 2026-04-11T12:18:07.886Z  INFO 1 --- [booking-and-payment] [           main] o.a.k.c.c.internals.LegacyKafkaConsumer  : [Consumer clientId=consumer-booking-service-group-3, groupId=booking-service-group] Subscribed to topic(s): storks.matching.group.sync
storks-booking-service        | 2026-04-11T12:18:07.974Z  INFO 1 --- [booking-and-payment] [           main] c.s.booking.BookingServiceApplication    : Started BookingServiceApplication in 55.932 seconds (process running for 64.701)
storks-live-messaging         | 2026-04-11T12:18:08.015Z  INFO 1 --- [live-messaging] [           main] o.s.b.a.e.web.EndpointLinksResolver      : Exposing 3 endpoints beneath base path '/actuator'
storks-booking-service        | 2026-04-11T12:18:09.468Z  INFO 1 --- [booking-and-payment] [ntainer#1-0-C-1] org.apache.kafka.clients.Metadata        : [Consumer clientId=consumer-booking-service-group-3, groupId=booking-service-group] Cluster ID: MkU3OEVBNTcwNTJENDM2Qk
storks-booking-service        | 2026-04-11T12:18:09.468Z  INFO 1 --- [booking-and-payment] [ntainer#0-0-C-1] org.apache.kafka.clients.Metadata        : [Consumer clientId=consumer-booking-service-group-2, groupId=booking-service-group] Cluster ID: MkU3OEVBNTcwNTJENDM2Qk
storks-booking-service        | 2026-04-11T12:18:09.468Z  INFO 1 --- [booking-and-payment] [ntainer#2-0-C-1] org.apache.kafka.clients.Metadata        : [Consumer clientId=consumer-booking-service-group-1, groupId=booking-service-group] Cluster ID: MkU3OEVBNTcwNTJENDM2Qk
storks-live-messaging         | 2026-04-11T12:18:10.262Z  INFO 1 --- [live-messaging] [           main] o.a.k.clients.admin.AdminClientConfig    : AdminClientConfig values: 
storks-live-messaging         | 	auto.include.jmx.reporter = true
storks-live-messaging         | 	bootstrap.controllers = []
storks-live-messaging         | 	bootstrap.servers = [kafka:9092]
storks-live-messaging         | 	client.dns.lookup = use_all_dns_ips
storks-live-messaging         | 	client.id = live-messaging-admin-0
storks-live-messaging         | 	connections.max.idle.ms = 300000
storks-live-messaging         | 	default.api.timeout.ms = 60000
storks-live-messaging         | 	enable.metrics.push = true
storks-live-messaging         | 	metadata.max.age.ms = 300000
storks-live-messaging         | 	metadata.recovery.strategy = none
storks-live-messaging         | 	metric.reporters = []
storks-live-messaging         | 	metrics.num.samples = 2
storks-live-messaging         | 	metrics.recording.level = INFO
storks-live-messaging         | 	metrics.sample.window.ms = 30000
storks-live-messaging         | 	receive.buffer.bytes = 65536
storks-live-messaging         | 	reconnect.backoff.max.ms = 1000
storks-live-messaging         | 	reconnect.backoff.ms = 50
storks-live-messaging         | 	request.timeout.ms = 30000
storks-live-messaging         | 	retries = 2147483647
storks-live-messaging         | 	retry.backoff.max.ms = 1000
storks-live-messaging         | 	retry.backoff.ms = 100
storks-live-messaging         | 	sasl.client.callback.handler.class = null
storks-live-messaging         | 	sasl.jaas.config = null
storks-live-messaging         | 	sasl.kerberos.kinit.cmd = /usr/bin/kinit
storks-live-messaging         | 	sasl.kerberos.min.time.before.relogin = 60000
storks-live-messaging         | 	sasl.kerberos.service.name = null
storks-live-messaging         | 	sasl.kerberos.ticket.renew.jitter = 0.05
storks-live-messaging         | 	sasl.kerberos.ticket.renew.window.factor = 0.8
storks-live-messaging         | 	sasl.login.callback.handler.class = null
storks-live-messaging         | 	sasl.login.class = null
storks-live-messaging         | 	sasl.login.connect.timeout.ms = null
storks-live-messaging         | 	sasl.login.read.timeout.ms = null
storks-live-messaging         | 	sasl.login.refresh.buffer.seconds = 300
storks-live-messaging         | 	sasl.login.refresh.min.period.seconds = 60
storks-live-messaging         | 	sasl.login.refresh.window.factor = 0.8
storks-live-messaging         | 	sasl.login.refresh.window.jitter = 0.05
storks-live-messaging         | 	sasl.login.retry.backoff.max.ms = 10000
storks-live-messaging         | 	sasl.login.retry.backoff.ms = 100
storks-live-messaging         | 	sasl.mechanism = GSSAPI
storks-live-messaging         | 	sasl.oauthbearer.clock.skew.seconds = 30
storks-live-messaging         | 	sasl.oauthbearer.expected.audience = null
storks-live-messaging         | 	sasl.oauthbearer.expected.issuer = null
storks-live-messaging         | 	sasl.oauthbearer.jwks.endpoint.refresh.ms = 3600000
storks-live-messaging         | 	sasl.oauthbearer.jwks.endpoint.retry.backoff.max.ms = 10000
storks-live-messaging         | 	sasl.oauthbearer.jwks.endpoint.retry.backoff.ms = 100
storks-live-messaging         | 	sasl.oauthbearer.jwks.endpoint.url = null
storks-live-messaging         | 	sasl.oauthbearer.scope.claim.name = scope
storks-live-messaging         | 	sasl.oauthbearer.sub.claim.name = sub
storks-live-messaging         | 	sasl.oauthbearer.token.endpoint.url = null
storks-live-messaging         | 	security.protocol = PLAINTEXT
storks-live-messaging         | 	security.providers = null
storks-live-messaging         | 	send.buffer.bytes = 131072
storks-live-messaging         | 	socket.connection.setup.timeout.max.ms = 30000
storks-live-messaging         | 	socket.connection.setup.timeout.ms = 10000
storks-live-messaging         | 	ssl.cipher.suites = null
storks-live-messaging         | 	ssl.enabled.protocols = [TLSv1.2, TLSv1.3]
storks-live-messaging         | 	ssl.endpoint.identification.algorithm = https
storks-live-messaging         | 	ssl.engine.factory.class = null
storks-live-messaging         | 	ssl.key.password = null
storks-live-messaging         | 	ssl.keymanager.algorithm = SunX509
storks-live-messaging         | 	ssl.keystore.certificate.chain = null
storks-live-messaging         | 	ssl.keystore.key = null
storks-live-messaging         | 	ssl.keystore.location = null
storks-live-messaging         | 	ssl.keystore.password = null
storks-live-messaging         | 	ssl.keystore.type = JKS
storks-live-messaging         | 	ssl.protocol = TLSv1.3
storks-live-messaging         | 	ssl.provider = null
storks-live-messaging         | 	ssl.secure.random.implementation = null
storks-live-messaging         | 	ssl.trustmanager.algorithm = PKIX
storks-live-messaging         | 	ssl.truststore.certificates = null
storks-live-messaging         | 	ssl.truststore.location = null
storks-live-messaging         | 	ssl.truststore.password = null
storks-live-messaging         | 	ssl.truststore.type = JKS
storks-live-messaging         | 
storks-live-messaging         | 2026-04-11T12:18:10.438Z  INFO 1 --- [live-messaging] [           main] o.a.kafka.common.utils.AppInfoParser     : Kafka version: 3.8.1
storks-live-messaging         | 2026-04-11T12:18:10.438Z  INFO 1 --- [live-messaging] [           main] o.a.kafka.common.utils.AppInfoParser     : Kafka commitId: 70d6ff42debf7e17
storks-live-messaging         | 2026-04-11T12:18:10.438Z  INFO 1 --- [live-messaging] [           main] o.a.kafka.common.utils.AppInfoParser     : Kafka startTimeMs: 1775909890436
storks-live-messaging         | 2026-04-11T12:18:10.944Z  INFO 1 --- [live-messaging] [ssaging-admin-0] o.a.kafka.common.utils.AppInfoParser     : App info kafka.admin.client for live-messaging-admin-0 unregistered
storks-live-messaging         | 2026-04-11T12:18:10.949Z  INFO 1 --- [live-messaging] [ssaging-admin-0] o.apache.kafka.common.metrics.Metrics    : Metrics scheduler closed
storks-live-messaging         | 2026-04-11T12:18:10.949Z  INFO 1 --- [live-messaging] [ssaging-admin-0] o.apache.kafka.common.metrics.Metrics    : Closing reporter org.apache.kafka.common.metrics.JmxReporter
storks-live-messaging         | 2026-04-11T12:18:10.950Z  INFO 1 --- [live-messaging] [ssaging-admin-0] o.apache.kafka.common.metrics.Metrics    : Metrics reporters closed
storks-live-messaging         | 2026-04-11T12:18:10.959Z  INFO 1 --- [live-messaging] [           main] o.s.m.s.b.SimpleBrokerMessageHandler     : Starting...
storks-live-messaging         | 2026-04-11T12:18:10.959Z  INFO 1 --- [live-messaging] [           main] o.s.m.s.b.SimpleBrokerMessageHandler     : BrokerAvailabilityEvent[available=true, SimpleBrokerMessageHandler [org.springframework.messaging.simp.broker.DefaultSubscriptionRegistry@565280c1]]
storks-live-messaging         | 2026-04-11T12:18:10.961Z  INFO 1 --- [live-messaging] [           main] o.s.m.s.b.SimpleBrokerMessageHandler     : Started.
storks-live-messaging         | 2026-04-11T12:18:10.982Z  INFO 1 --- [live-messaging] [           main] o.s.b.w.embedded.tomcat.TomcatWebServer  : Tomcat started on port 8086 (http) with context path '/'
storks-live-messaging         | 2026-04-11T12:18:11.053Z  INFO 1 --- [live-messaging] [           main] o.a.k.clients.consumer.ConsumerConfig    : ConsumerConfig values: 
storks-live-messaging         | 	allow.auto.create.topics = true
storks-live-messaging         | 	auto.commit.interval.ms = 5000
storks-live-messaging         | 	auto.include.jmx.reporter = true
storks-live-messaging         | 	auto.offset.reset = latest
storks-live-messaging         | 	bootstrap.servers = [kafka:9092]
storks-live-messaging         | 	check.crcs = true
storks-live-messaging         | 	client.dns.lookup = use_all_dns_ips
storks-live-messaging         | 	client.id = consumer-live-messaging-group-1
storks-live-messaging         | 	client.rack = 
storks-live-messaging         | 	connections.max.idle.ms = 540000
storks-live-messaging         | 	default.api.timeout.ms = 60000
storks-live-messaging         | 	enable.auto.commit = false
storks-live-messaging         | 	enable.metrics.push = true
storks-live-messaging         | 	exclude.internal.topics = true
storks-live-messaging         | 	fetch.max.bytes = 52428800
storks-live-messaging         | 	fetch.max.wait.ms = 500
storks-live-messaging         | 	fetch.min.bytes = 1
storks-live-messaging         | 	group.id = live-messaging-group
storks-live-messaging         | 	group.instance.id = null
storks-live-messaging         | 	group.protocol = classic
storks-live-messaging         | 	group.remote.assignor = null
storks-live-messaging         | 	heartbeat.interval.ms = 3000
storks-live-messaging         | 	interceptor.classes = []
storks-live-messaging         | 	internal.leave.group.on.close = true
storks-live-messaging         | 	internal.throw.on.fetch.stable.offset.unsupported = false
storks-live-messaging         | 	isolation.level = read_uncommitted
storks-live-messaging         | 	key.deserializer = class org.apache.kafka.common.serialization.StringDeserializer
storks-live-messaging         | 	max.partition.fetch.bytes = 1048576
storks-live-messaging         | 	max.poll.interval.ms = 300000
storks-live-messaging         | 	max.poll.records = 500
storks-live-messaging         | 	metadata.max.age.ms = 300000
storks-live-messaging         | 	metadata.recovery.strategy = none
storks-live-messaging         | 	metric.reporters = []
storks-live-messaging         | 	metrics.num.samples = 2
storks-live-messaging         | 	metrics.recording.level = INFO
storks-live-messaging         | 	metrics.sample.window.ms = 30000
storks-live-messaging         | 	partition.assignment.strategy = [class org.apache.kafka.clients.consumer.RangeAssignor, class org.apache.kafka.clients.consumer.CooperativeStickyAssignor]
storks-live-messaging         | 	receive.buffer.bytes = 65536
storks-live-messaging         | 	reconnect.backoff.max.ms = 1000
storks-live-messaging         | 	reconnect.backoff.ms = 50
storks-live-messaging         | 	request.timeout.ms = 30000
storks-live-messaging         | 	retry.backoff.max.ms = 1000
storks-live-messaging         | 	retry.backoff.ms = 100
storks-live-messaging         | 	sasl.client.callback.handler.class = null
storks-live-messaging         | 	sasl.jaas.config = null
storks-live-messaging         | 	sasl.kerberos.kinit.cmd = /usr/bin/kinit
storks-live-messaging         | 	sasl.kerberos.min.time.before.relogin = 60000
storks-live-messaging         | 	sasl.kerberos.service.name = null
storks-live-messaging         | 	sasl.kerberos.ticket.renew.jitter = 0.05
storks-live-messaging         | 	sasl.kerberos.ticket.renew.window.factor = 0.8
storks-live-messaging         | 	sasl.login.callback.handler.class = null
storks-live-messaging         | 	sasl.login.class = null
storks-live-messaging         | 	sasl.login.connect.timeout.ms = null
storks-live-messaging         | 	sasl.login.read.timeout.ms = null
storks-live-messaging         | 	sasl.login.refresh.buffer.seconds = 300
storks-live-messaging         | 	sasl.login.refresh.min.period.seconds = 60
storks-live-messaging         | 	sasl.login.refresh.window.factor = 0.8
storks-live-messaging         | 	sasl.login.refresh.window.jitter = 0.05
storks-live-messaging         | 	sasl.login.retry.backoff.max.ms = 10000
storks-live-messaging         | 	sasl.login.retry.backoff.ms = 100
storks-live-messaging         | 	sasl.mechanism = GSSAPI
storks-live-messaging         | 	sasl.oauthbearer.clock.skew.seconds = 30
storks-live-messaging         | 	sasl.oauthbearer.expected.audience = null
storks-live-messaging         | 	sasl.oauthbearer.expected.issuer = null
storks-live-messaging         | 	sasl.oauthbearer.jwks.endpoint.refresh.ms = 3600000
storks-live-messaging         | 	sasl.oauthbearer.jwks.endpoint.retry.backoff.max.ms = 10000
storks-live-messaging         | 	sasl.oauthbearer.jwks.endpoint.retry.backoff.ms = 100
storks-live-messaging         | 	sasl.oauthbearer.jwks.endpoint.url = null
storks-live-messaging         | 	sasl.oauthbearer.scope.claim.name = scope
storks-live-messaging         | 	sasl.oauthbearer.sub.claim.name = sub
storks-live-messaging         | 	sasl.oauthbearer.token.endpoint.url = null
storks-live-messaging         | 	security.protocol = PLAINTEXT
storks-live-messaging         | 	security.providers = null
storks-live-messaging         | 	send.buffer.bytes = 131072
storks-live-messaging         | 	session.timeout.ms = 45000
storks-live-messaging         | 	socket.connection.setup.timeout.max.ms = 30000
storks-live-messaging         | 	socket.connection.setup.timeout.ms = 10000
storks-live-messaging         | 	ssl.cipher.suites = null
storks-live-messaging         | 	ssl.enabled.protocols = [TLSv1.2, TLSv1.3]
storks-live-messaging         | 	ssl.endpoint.identification.algorithm = https
storks-live-messaging         | 	ssl.engine.factory.class = null
storks-live-messaging         | 	ssl.key.password = null
storks-live-messaging         | 	ssl.keymanager.algorithm = SunX509
storks-live-messaging         | 	ssl.keystore.certificate.chain = null
storks-live-messaging         | 	ssl.keystore.key = null
storks-live-messaging         | 	ssl.keystore.location = null
storks-live-messaging         | 	ssl.keystore.password = null
storks-live-messaging         | 	ssl.keystore.type = JKS
storks-live-messaging         | 	ssl.protocol = TLSv1.3
storks-live-messaging         | 	ssl.provider = null
storks-live-messaging         | 	ssl.secure.random.implementation = null
storks-live-messaging         | 	ssl.trustmanager.algorithm = PKIX
storks-live-messaging         | 	ssl.truststore.certificates = null
storks-live-messaging         | 	ssl.truststore.location = null
storks-live-messaging         | 	ssl.truststore.password = null
storks-live-messaging         | 	ssl.truststore.type = JKS
storks-live-messaging         | 	value.deserializer = class org.springframework.kafka.support.serializer.JsonDeserializer
storks-live-messaging         | 
storks-live-messaging         | 2026-04-11T12:18:11.133Z  INFO 1 --- [live-messaging] [           main] o.a.k.c.t.i.KafkaMetricsCollector        : initializing Kafka metrics collector
storks-live-messaging         | 2026-04-11T12:18:11.213Z  INFO 1 --- [live-messaging] [           main] o.a.kafka.common.utils.AppInfoParser     : Kafka version: 3.8.1
storks-live-messaging         | 2026-04-11T12:18:11.213Z  INFO 1 --- [live-messaging] [           main] o.a.kafka.common.utils.AppInfoParser     : Kafka commitId: 70d6ff42debf7e17
storks-live-messaging         | 2026-04-11T12:18:11.213Z  INFO 1 --- [live-messaging] [           main] o.a.kafka.common.utils.AppInfoParser     : Kafka startTimeMs: 1775909891213
storks-live-messaging         | 2026-04-11T12:18:11.231Z  INFO 1 --- [live-messaging] [           main] o.a.k.c.c.internals.LegacyKafkaConsumer  : [Consumer clientId=consumer-live-messaging-group-1, groupId=live-messaging-group] Subscribed to topic(s): booking-created
storks-live-messaging         | 2026-04-11T12:18:11.248Z  INFO 1 --- [live-messaging] [           main] o.a.k.clients.consumer.ConsumerConfig    : ConsumerConfig values: 
storks-live-messaging         | 	allow.auto.create.topics = true
storks-live-messaging         | 	auto.commit.interval.ms = 5000
storks-live-messaging         | 	auto.include.jmx.reporter = true
storks-live-messaging         | 	auto.offset.reset = latest
storks-live-messaging         | 	bootstrap.servers = [kafka:9092]
storks-live-messaging         | 	check.crcs = true
storks-live-messaging         | 	client.dns.lookup = use_all_dns_ips
storks-live-messaging         | 	client.id = consumer-live-messaging-group-2
storks-live-messaging         | 	client.rack = 
storks-live-messaging         | 	connections.max.idle.ms = 540000
storks-live-messaging         | 	default.api.timeout.ms = 60000
storks-live-messaging         | 	enable.auto.commit = false
storks-live-messaging         | 	enable.metrics.push = true
storks-live-messaging         | 	exclude.internal.topics = true
storks-live-messaging         | 	fetch.max.bytes = 52428800
storks-live-messaging         | 	fetch.max.wait.ms = 500
storks-live-messaging         | 	fetch.min.bytes = 1
storks-live-messaging         | 	group.id = live-messaging-group
storks-live-messaging         | 	group.instance.id = null
storks-live-messaging         | 	group.protocol = classic
storks-live-messaging         | 	group.remote.assignor = null
storks-live-messaging         | 	heartbeat.interval.ms = 3000
storks-live-messaging         | 	interceptor.classes = []
storks-live-messaging         | 	internal.leave.group.on.close = true
storks-live-messaging         | 	internal.throw.on.fetch.stable.offset.unsupported = false
storks-live-messaging         | 	isolation.level = read_uncommitted
storks-live-messaging         | 	key.deserializer = class org.apache.kafka.common.serialization.StringDeserializer
storks-live-messaging         | 	max.partition.fetch.bytes = 1048576
storks-live-messaging         | 	max.poll.interval.ms = 300000
storks-live-messaging         | 	max.poll.records = 500
storks-live-messaging         | 	metadata.max.age.ms = 300000
storks-live-messaging         | 	metadata.recovery.strategy = none
storks-live-messaging         | 	metric.reporters = []
storks-live-messaging         | 	metrics.num.samples = 2
storks-live-messaging         | 	metrics.recording.level = INFO
storks-live-messaging         | 	metrics.sample.window.ms = 30000
storks-live-messaging         | 	partition.assignment.strategy = [class org.apache.kafka.clients.consumer.RangeAssignor, class org.apache.kafka.clients.consumer.CooperativeStickyAssignor]
storks-live-messaging         | 	receive.buffer.bytes = 65536
storks-live-messaging         | 	reconnect.backoff.max.ms = 1000
storks-live-messaging         | 	reconnect.backoff.ms = 50
storks-live-messaging         | 	request.timeout.ms = 30000
storks-live-messaging         | 	retry.backoff.max.ms = 1000
storks-live-messaging         | 	retry.backoff.ms = 100
storks-live-messaging         | 	sasl.client.callback.handler.class = null
storks-live-messaging         | 	sasl.jaas.config = null
storks-live-messaging         | 	sasl.kerberos.kinit.cmd = /usr/bin/kinit
storks-live-messaging         | 	sasl.kerberos.min.time.before.relogin = 60000
storks-live-messaging         | 	sasl.kerberos.service.name = null
storks-live-messaging         | 	sasl.kerberos.ticket.renew.jitter = 0.05
storks-live-messaging         | 	sasl.kerberos.ticket.renew.window.factor = 0.8
storks-live-messaging         | 	sasl.login.callback.handler.class = null
storks-live-messaging         | 	sasl.login.class = null
storks-live-messaging         | 	sasl.login.connect.timeout.ms = null
storks-live-messaging         | 	sasl.login.read.timeout.ms = null
storks-live-messaging         | 	sasl.login.refresh.buffer.seconds = 300
storks-live-messaging         | 	sasl.login.refresh.min.period.seconds = 60
storks-live-messaging         | 	sasl.login.refresh.window.factor = 0.8
storks-live-messaging         | 	sasl.login.refresh.window.jitter = 0.05
storks-live-messaging         | 	sasl.login.retry.backoff.max.ms = 10000
storks-live-messaging         | 	sasl.login.retry.backoff.ms = 100
storks-live-messaging         | 	sasl.mechanism = GSSAPI
storks-live-messaging         | 	sasl.oauthbearer.clock.skew.seconds = 30
storks-live-messaging         | 	sasl.oauthbearer.expected.audience = null
storks-live-messaging         | 	sasl.oauthbearer.expected.issuer = null
storks-live-messaging         | 	sasl.oauthbearer.jwks.endpoint.refresh.ms = 3600000
storks-live-messaging         | 	sasl.oauthbearer.jwks.endpoint.retry.backoff.max.ms = 10000
storks-live-messaging         | 	sasl.oauthbearer.jwks.endpoint.retry.backoff.ms = 100
storks-live-messaging         | 	sasl.oauthbearer.jwks.endpoint.url = null
storks-live-messaging         | 	sasl.oauthbearer.scope.claim.name = scope
storks-live-messaging         | 	sasl.oauthbearer.sub.claim.name = sub
storks-live-messaging         | 	sasl.oauthbearer.token.endpoint.url = null
storks-live-messaging         | 	security.protocol = PLAINTEXT
storks-live-messaging         | 	security.providers = null
storks-live-messaging         | 	send.buffer.bytes = 131072
storks-live-messaging         | 	session.timeout.ms = 45000
storks-live-messaging         | 	socket.connection.setup.timeout.max.ms = 30000
storks-live-messaging         | 	socket.connection.setup.timeout.ms = 10000
storks-live-messaging         | 	ssl.cipher.suites = null
storks-live-messaging         | 	ssl.enabled.protocols = [TLSv1.2, TLSv1.3]
storks-live-messaging         | 	ssl.endpoint.identification.algorithm = https
storks-live-messaging         | 	ssl.engine.factory.class = null
storks-live-messaging         | 	ssl.key.password = null
storks-live-messaging         | 	ssl.keymanager.algorithm = SunX509
storks-live-messaging         | 	ssl.keystore.certificate.chain = null
storks-live-messaging         | 	ssl.keystore.key = null
storks-live-messaging         | 	ssl.keystore.location = null
storks-live-messaging         | 	ssl.keystore.password = null
storks-live-messaging         | 	ssl.keystore.type = JKS
storks-live-messaging         | 	ssl.protocol = TLSv1.3
storks-live-messaging         | 	ssl.provider = null
storks-live-messaging         | 	ssl.secure.random.implementation = null
storks-live-messaging         | 	ssl.trustmanager.algorithm = PKIX
storks-live-messaging         | 	ssl.truststore.certificates = null
storks-live-messaging         | 	ssl.truststore.location = null
storks-live-messaging         | 	ssl.truststore.password = null
storks-live-messaging         | 	ssl.truststore.type = JKS
storks-live-messaging         | 	value.deserializer = class org.springframework.kafka.support.serializer.JsonDeserializer
storks-live-messaging         | 
storks-live-messaging         | 2026-04-11T12:18:11.249Z  INFO 1 --- [live-messaging] [           main] o.a.k.c.t.i.KafkaMetricsCollector        : initializing Kafka metrics collector
storks-live-messaging         | 2026-04-11T12:18:11.255Z  INFO 1 --- [live-messaging] [           main] o.a.kafka.common.utils.AppInfoParser     : Kafka version: 3.8.1
storks-live-messaging         | 2026-04-11T12:18:11.255Z  INFO 1 --- [live-messaging] [           main] o.a.kafka.common.utils.AppInfoParser     : Kafka commitId: 70d6ff42debf7e17
storks-live-messaging         | 2026-04-11T12:18:11.255Z  INFO 1 --- [live-messaging] [           main] o.a.kafka.common.utils.AppInfoParser     : Kafka startTimeMs: 1775909891254
storks-live-messaging         | 2026-04-11T12:18:11.262Z  INFO 1 --- [live-messaging] [           main] o.a.k.c.c.internals.LegacyKafkaConsumer  : [Consumer clientId=consumer-live-messaging-group-2, groupId=live-messaging-group] Subscribed to topic(s): chat-messages
storks-live-messaging         | 2026-04-11T12:18:11.265Z  INFO 1 --- [live-messaging] [           main] o.a.k.clients.consumer.ConsumerConfig    : ConsumerConfig values: 
storks-live-messaging         | 	allow.auto.create.topics = true
storks-live-messaging         | 	auto.commit.interval.ms = 5000
storks-live-messaging         | 	auto.include.jmx.reporter = true
storks-live-messaging         | 	auto.offset.reset = latest
storks-live-messaging         | 	bootstrap.servers = [kafka:9092]
storks-live-messaging         | 	check.crcs = true
storks-live-messaging         | 	client.dns.lookup = use_all_dns_ips
storks-live-messaging         | 	client.id = consumer-live-messaging-group-3
storks-live-messaging         | 	client.rack = 
storks-live-messaging         | 	connections.max.idle.ms = 540000
storks-live-messaging         | 	default.api.timeout.ms = 60000
storks-live-messaging         | 	enable.auto.commit = false
storks-live-messaging         | 	enable.metrics.push = true
storks-live-messaging         | 	exclude.internal.topics = true
storks-live-messaging         | 	fetch.max.bytes = 52428800
storks-live-messaging         | 	fetch.max.wait.ms = 500
storks-live-messaging         | 	fetch.min.bytes = 1
storks-live-messaging         | 	group.id = live-messaging-group
storks-live-messaging         | 	group.instance.id = null
storks-live-messaging         | 	group.protocol = classic
storks-live-messaging         | 	group.remote.assignor = null
storks-live-messaging         | 	heartbeat.interval.ms = 3000
storks-live-messaging         | 	interceptor.classes = []
storks-live-messaging         | 	internal.leave.group.on.close = true
storks-live-messaging         | 	internal.throw.on.fetch.stable.offset.unsupported = false
storks-live-messaging         | 	isolation.level = read_uncommitted
storks-live-messaging         | 	key.deserializer = class org.apache.kafka.common.serialization.StringDeserializer
storks-live-messaging         | 	max.partition.fetch.bytes = 1048576
storks-live-messaging         | 	max.poll.interval.ms = 300000
storks-live-messaging         | 	max.poll.records = 500
storks-live-messaging         | 	metadata.max.age.ms = 300000
storks-live-messaging         | 	metadata.recovery.strategy = none
storks-live-messaging         | 	metric.reporters = []
storks-live-messaging         | 	metrics.num.samples = 2
storks-live-messaging         | 	metrics.recording.level = INFO
storks-live-messaging         | 	metrics.sample.window.ms = 30000
storks-live-messaging         | 	partition.assignment.strategy = [class org.apache.kafka.clients.consumer.RangeAssignor, class org.apache.kafka.clients.consumer.CooperativeStickyAssignor]
storks-live-messaging         | 	receive.buffer.bytes = 65536
storks-live-messaging         | 	reconnect.backoff.max.ms = 1000
storks-live-messaging         | 	reconnect.backoff.ms = 50
storks-live-messaging         | 	request.timeout.ms = 30000
storks-live-messaging         | 	retry.backoff.max.ms = 1000
storks-live-messaging         | 	retry.backoff.ms = 100
storks-live-messaging         | 	sasl.client.callback.handler.class = null
storks-live-messaging         | 	sasl.jaas.config = null
storks-live-messaging         | 	sasl.kerberos.kinit.cmd = /usr/bin/kinit
storks-live-messaging         | 	sasl.kerberos.min.time.before.relogin = 60000
storks-live-messaging         | 	sasl.kerberos.service.name = null
storks-live-messaging         | 	sasl.kerberos.ticket.renew.jitter = 0.05
storks-live-messaging         | 	sasl.kerberos.ticket.renew.window.factor = 0.8
storks-live-messaging         | 	sasl.login.callback.handler.class = null
storks-live-messaging         | 	sasl.login.class = null
storks-live-messaging         | 	sasl.login.connect.timeout.ms = null
storks-live-messaging         | 	sasl.login.read.timeout.ms = null
storks-live-messaging         | 	sasl.login.refresh.buffer.seconds = 300
storks-live-messaging         | 	sasl.login.refresh.min.period.seconds = 60
storks-live-messaging         | 	sasl.login.refresh.window.factor = 0.8
storks-live-messaging         | 	sasl.login.refresh.window.jitter = 0.05
storks-live-messaging         | 	sasl.login.retry.backoff.max.ms = 10000
storks-live-messaging         | 	sasl.login.retry.backoff.ms = 100
storks-live-messaging         | 	sasl.mechanism = GSSAPI
storks-live-messaging         | 	sasl.oauthbearer.clock.skew.seconds = 30
storks-live-messaging         | 	sasl.oauthbearer.expected.audience = null
storks-live-messaging         | 	sasl.oauthbearer.expected.issuer = null
storks-live-messaging         | 	sasl.oauthbearer.jwks.endpoint.refresh.ms = 3600000
storks-live-messaging         | 	sasl.oauthbearer.jwks.endpoint.retry.backoff.max.ms = 10000
storks-live-messaging         | 	sasl.oauthbearer.jwks.endpoint.retry.backoff.ms = 100
storks-live-messaging         | 	sasl.oauthbearer.jwks.endpoint.url = null
storks-live-messaging         | 	sasl.oauthbearer.scope.claim.name = scope
storks-live-messaging         | 	sasl.oauthbearer.sub.claim.name = sub
storks-live-messaging         | 	sasl.oauthbearer.token.endpoint.url = null
storks-live-messaging         | 	security.protocol = PLAINTEXT
storks-live-messaging         | 	security.providers = null
storks-live-messaging         | 	send.buffer.bytes = 131072
storks-live-messaging         | 	session.timeout.ms = 45000
storks-live-messaging         | 	socket.connection.setup.timeout.max.ms = 30000
storks-live-messaging         | 	socket.connection.setup.timeout.ms = 10000
storks-live-messaging         | 	ssl.cipher.suites = null
storks-live-messaging         | 	ssl.enabled.protocols = [TLSv1.2, TLSv1.3]
storks-live-messaging         | 	ssl.endpoint.identification.algorithm = https
storks-live-messaging         | 	ssl.engine.factory.class = null
storks-live-messaging         | 	ssl.key.password = null
storks-live-messaging         | 	ssl.keymanager.algorithm = SunX509
storks-live-messaging         | 	ssl.keystore.certificate.chain = null
storks-live-messaging         | 	ssl.keystore.key = null
storks-live-messaging         | 	ssl.keystore.location = null
storks-live-messaging         | 	ssl.keystore.password = null
storks-live-messaging         | 	ssl.keystore.type = JKS
storks-live-messaging         | 	ssl.protocol = TLSv1.3
storks-live-messaging         | 	ssl.provider = null
storks-live-messaging         | 	ssl.secure.random.implementation = null
storks-live-messaging         | 	ssl.trustmanager.algorithm = PKIX
storks-live-messaging         | 	ssl.truststore.certificates = null
storks-live-messaging         | 	ssl.truststore.location = null
storks-live-messaging         | 	ssl.truststore.password = null
storks-live-messaging         | 	ssl.truststore.type = JKS
storks-live-messaging         | 	value.deserializer = class org.springframework.kafka.support.serializer.JsonDeserializer
storks-live-messaging         | 
storks-live-messaging         | 2026-04-11T12:18:11.266Z  INFO 1 --- [live-messaging] [           main] o.a.k.c.t.i.KafkaMetricsCollector        : initializing Kafka metrics collector
storks-live-messaging         | 2026-04-11T12:18:11.270Z  INFO 1 --- [live-messaging] [           main] o.a.kafka.common.utils.AppInfoParser     : Kafka version: 3.8.1
storks-live-messaging         | 2026-04-11T12:18:11.270Z  INFO 1 --- [live-messaging] [           main] o.a.kafka.common.utils.AppInfoParser     : Kafka commitId: 70d6ff42debf7e17
storks-live-messaging         | 2026-04-11T12:18:11.270Z  INFO 1 --- [live-messaging] [           main] o.a.kafka.common.utils.AppInfoParser     : Kafka startTimeMs: 1775909891270
storks-live-messaging         | 2026-04-11T12:18:11.274Z  INFO 1 --- [live-messaging] [           main] o.a.k.c.c.internals.LegacyKafkaConsumer  : [Consumer clientId=consumer-live-messaging-group-3, groupId=live-messaging-group] Subscribed to topic(s): booking-cancelled
storks-live-messaging         | 2026-04-11T12:18:11.283Z  INFO 1 --- [live-messaging] [           main] o.a.k.clients.consumer.ConsumerConfig    : ConsumerConfig values: 
storks-live-messaging         | 	allow.auto.create.topics = true
storks-live-messaging         | 	auto.commit.interval.ms = 5000
storks-live-messaging         | 	auto.include.jmx.reporter = true
storks-live-messaging         | 	auto.offset.reset = latest
storks-live-messaging         | 	bootstrap.servers = [kafka:9092]
storks-live-messaging         | 	check.crcs = true
storks-live-messaging         | 	client.dns.lookup = use_all_dns_ips
storks-live-messaging         | 	client.id = consumer-live-messaging-group-4
storks-live-messaging         | 	client.rack = 
storks-live-messaging         | 	connections.max.idle.ms = 540000
storks-live-messaging         | 	default.api.timeout.ms = 60000
storks-live-messaging         | 	enable.auto.commit = false
storks-live-messaging         | 	enable.metrics.push = true
storks-live-messaging         | 	exclude.internal.topics = true
storks-live-messaging         | 	fetch.max.bytes = 52428800
storks-live-messaging         | 	fetch.max.wait.ms = 500
storks-live-messaging         | 	fetch.min.bytes = 1
storks-live-messaging         | 	group.id = live-messaging-group
storks-live-messaging         | 	group.instance.id = null
storks-live-messaging         | 	group.protocol = classic
storks-live-messaging         | 	group.remote.assignor = null
storks-live-messaging         | 	heartbeat.interval.ms = 3000
storks-live-messaging         | 	interceptor.classes = []
storks-live-messaging         | 	internal.leave.group.on.close = true
storks-live-messaging         | 	internal.throw.on.fetch.stable.offset.unsupported = false
storks-live-messaging         | 	isolation.level = read_uncommitted
storks-live-messaging         | 	key.deserializer = class org.apache.kafka.common.serialization.StringDeserializer
storks-live-messaging         | 	max.partition.fetch.bytes = 1048576
storks-live-messaging         | 	max.poll.interval.ms = 300000
storks-live-messaging         | 	max.poll.records = 500
storks-live-messaging         | 	metadata.max.age.ms = 300000
storks-live-messaging         | 	metadata.recovery.strategy = none
storks-live-messaging         | 	metric.reporters = []
storks-live-messaging         | 	metrics.num.samples = 2
storks-live-messaging         | 	metrics.recording.level = INFO
storks-live-messaging         | 	metrics.sample.window.ms = 30000
storks-live-messaging         | 	partition.assignment.strategy = [class org.apache.kafka.clients.consumer.RangeAssignor, class org.apache.kafka.clients.consumer.CooperativeStickyAssignor]
storks-live-messaging         | 	receive.buffer.bytes = 65536
storks-live-messaging         | 	reconnect.backoff.max.ms = 1000
storks-live-messaging         | 	reconnect.backoff.ms = 50
storks-live-messaging         | 	request.timeout.ms = 30000
storks-live-messaging         | 	retry.backoff.max.ms = 1000
storks-live-messaging         | 	retry.backoff.ms = 100
storks-live-messaging         | 	sasl.client.callback.handler.class = null
storks-live-messaging         | 	sasl.jaas.config = null
storks-live-messaging         | 	sasl.kerberos.kinit.cmd = /usr/bin/kinit
storks-live-messaging         | 	sasl.kerberos.min.time.before.relogin = 60000
storks-live-messaging         | 	sasl.kerberos.service.name = null
storks-live-messaging         | 	sasl.kerberos.ticket.renew.jitter = 0.05
storks-live-messaging         | 	sasl.kerberos.ticket.renew.window.factor = 0.8
storks-live-messaging         | 	sasl.login.callback.handler.class = null
storks-live-messaging         | 	sasl.login.class = null
storks-live-messaging         | 	sasl.login.connect.timeout.ms = null
storks-live-messaging         | 	sasl.login.read.timeout.ms = null
storks-live-messaging         | 	sasl.login.refresh.buffer.seconds = 300
storks-live-messaging         | 	sasl.login.refresh.min.period.seconds = 60
storks-live-messaging         | 	sasl.login.refresh.window.factor = 0.8
storks-live-messaging         | 	sasl.login.refresh.window.jitter = 0.05
storks-live-messaging         | 	sasl.login.retry.backoff.max.ms = 10000
storks-live-messaging         | 	sasl.login.retry.backoff.ms = 100
storks-live-messaging         | 	sasl.mechanism = GSSAPI
storks-live-messaging         | 	sasl.oauthbearer.clock.skew.seconds = 30
storks-live-messaging         | 	sasl.oauthbearer.expected.audience = null
storks-live-messaging         | 	sasl.oauthbearer.expected.issuer = null
storks-live-messaging         | 	sasl.oauthbearer.jwks.endpoint.refresh.ms = 3600000
storks-live-messaging         | 	sasl.oauthbearer.jwks.endpoint.retry.backoff.max.ms = 10000
storks-live-messaging         | 	sasl.oauthbearer.jwks.endpoint.retry.backoff.ms = 100
storks-live-messaging         | 	sasl.oauthbearer.jwks.endpoint.url = null
storks-live-messaging         | 	sasl.oauthbearer.scope.claim.name = scope
storks-live-messaging         | 	sasl.oauthbearer.sub.claim.name = sub
storks-live-messaging         | 	sasl.oauthbearer.token.endpoint.url = null
storks-live-messaging         | 	security.protocol = PLAINTEXT
storks-live-messaging         | 	security.providers = null
storks-live-messaging         | 	send.buffer.bytes = 131072
storks-live-messaging         | 	session.timeout.ms = 45000
storks-live-messaging         | 	socket.connection.setup.timeout.max.ms = 30000
storks-live-messaging         | 	socket.connection.setup.timeout.ms = 10000
storks-live-messaging         | 	ssl.cipher.suites = null
storks-live-messaging         | 	ssl.enabled.protocols = [TLSv1.2, TLSv1.3]
storks-live-messaging         | 	ssl.endpoint.identification.algorithm = https
storks-live-messaging         | 	ssl.engine.factory.class = null
storks-live-messaging         | 	ssl.key.password = null
storks-live-messaging         | 	ssl.keymanager.algorithm = SunX509
storks-live-messaging         | 	ssl.keystore.certificate.chain = null
storks-live-messaging         | 	ssl.keystore.key = null
storks-live-messaging         | 	ssl.keystore.location = null
storks-live-messaging         | 	ssl.keystore.password = null
storks-live-messaging         | 	ssl.keystore.type = JKS
storks-live-messaging         | 	ssl.protocol = TLSv1.3
storks-live-messaging         | 	ssl.provider = null
storks-live-messaging         | 	ssl.secure.random.implementation = null
storks-live-messaging         | 	ssl.trustmanager.algorithm = PKIX
storks-live-messaging         | 	ssl.truststore.certificates = null
storks-live-messaging         | 	ssl.truststore.location = null
storks-live-messaging         | 	ssl.truststore.password = null
storks-live-messaging         | 	ssl.truststore.type = JKS
storks-live-messaging         | 	value.deserializer = class org.springframework.kafka.support.serializer.JsonDeserializer
storks-live-messaging         | 
storks-live-messaging         | 2026-04-11T12:18:11.284Z  INFO 1 --- [live-messaging] [           main] o.a.k.c.t.i.KafkaMetricsCollector        : initializing Kafka metrics collector
storks-live-messaging         | 2026-04-11T12:18:11.289Z  INFO 1 --- [live-messaging] [ntainer#2-0-C-1] org.apache.kafka.clients.Metadata        : [Consumer clientId=consumer-live-messaging-group-1, groupId=live-messaging-group] Cluster ID: MkU3OEVBNTcwNTJENDM2Qk
storks-live-messaging         | 2026-04-11T12:18:11.289Z  INFO 1 --- [live-messaging] [ntainer#3-0-C-1] org.apache.kafka.clients.Metadata        : [Consumer clientId=consumer-live-messaging-group-2, groupId=live-messaging-group] Cluster ID: MkU3OEVBNTcwNTJENDM2Qk
storks-live-messaging         | 2026-04-11T12:18:11.293Z  INFO 1 --- [live-messaging] [ntainer#0-0-C-1] org.apache.kafka.clients.Metadata        : [Consumer clientId=consumer-live-messaging-group-3, groupId=live-messaging-group] Cluster ID: MkU3OEVBNTcwNTJENDM2Qk
storks-live-messaging         | 2026-04-11T12:18:11.295Z  INFO 1 --- [live-messaging] [           main] o.a.kafka.common.utils.AppInfoParser     : Kafka version: 3.8.1
storks-live-messaging         | 2026-04-11T12:18:11.295Z  INFO 1 --- [live-messaging] [           main] o.a.kafka.common.utils.AppInfoParser     : Kafka commitId: 70d6ff42debf7e17
storks-live-messaging         | 2026-04-11T12:18:11.295Z  INFO 1 --- [live-messaging] [           main] o.a.kafka.common.utils.AppInfoParser     : Kafka startTimeMs: 1775909891294
storks-live-messaging         | 2026-04-11T12:18:11.303Z  INFO 1 --- [live-messaging] [           main] o.a.k.c.c.internals.LegacyKafkaConsumer  : [Consumer clientId=consumer-live-messaging-group-4, groupId=live-messaging-group] Subscribed to topic(s): offer-created
storks-live-messaging         | 2026-04-11T12:18:11.314Z  INFO 1 --- [live-messaging] [ntainer#1-0-C-1] org.apache.kafka.clients.Metadata        : [Consumer clientId=consumer-live-messaging-group-4, groupId=live-messaging-group] Cluster ID: MkU3OEVBNTcwNTJENDM2Qk
storks-live-messaging         | 2026-04-11T12:18:11.324Z  INFO 1 --- [live-messaging] [           main] c.s.l.LiveMessagingApplication           : Started LiveMessagingApplication in 59.137 seconds (process running for 68.112)
storks-kafka-ui               | 2026-04-11T12:18:14.307Z DEBUG 1 --- [    parallel-10] i.k.u.s.ClustersStatisticsScheduler      : Start getting metrics for kafkaCluster: local
storks-kafka-ui               | 2026-04-11T12:18:14.387Z DEBUG 1 --- [    parallel-10] i.k.u.s.m.s.i.InferredMetricsScraper     : 13 metric families inferred from cluster state
storks-kafka-ui               | 2026-04-11T12:18:14.387Z DEBUG 1 --- [    parallel-10] i.k.u.s.ClustersStatisticsScheduler      : Metrics updated for cluster: local
Gracefully Stopping... press Ctrl+C again to force
[K Container storks-user-service  [32mStopping[0m
[K Container storks-admin-service  [32mStopping[0m
[K Container storks-live-messaging  [32mStopping[0m
[K Container storks-booking-service  [32mStopping[0m
[K Container storks-safety-service  [32mStopping[0m
[K Container storks-location-service  [32mStopping[0m
[K Container storks-matching-intelligence  [32mStopping[0m
[K Container storks-postgres  [32mStopping[0m
[K Container storks-kafka-ui  [32mStopping[0m
[K Container storks-safety-service  [32mStopped[0m
[K Container storks-location-service  [32mStopped[0m
[K Container storks-postgres  [32mStopped[0m
[K Container storks-booking-service  [32mStopped[0m
[K Container storks-kafka-ui  [32mStopped[0m
[K Container storks-admin-service  [32mStopped[0m
[K Container storks-matching-intelligence  [32mStopped[0m
[K Container storks-user-service  [32mStopped[0m
[K Container storks-live-messaging  [32mStopped[0m
[K Container storks-kafka  [32mStopping[0m
[K Container storks-kafka  [32mStopped[0m
